team_slug,team_name,planning_year,race_id,race_name,category,date_label,month,start_date,end_date,pcs_race_slug,historical_years_analyzed,race_type,route_profile,avg_top10_points,avg_winner_points,avg_points_efficiency,avg_stage_top10_points,avg_stage_count,avg_top10_field_form,base_opportunity_index,base_opportunity_points,one_day_signal,stage_hunter_signal,gc_signal,time_trial_signal,all_round_signal,sprint_bonus_signal,specialty_fit_score,sprint_fit_bonus,team_fit_score,team_fit_multiplier,participation_confidence,execution_multiplier,expected_points,actual_points,ev_gap,status,team_calendar_status,source,overlap_group,notes,as_of_date
equipo-kern-pharma,Equipo Kern Pharma,2026,24922,Classica Camp de Morvedre,1.1,23.01,1,2026-01-23,2026-01-23,classica-camp-de-morvedre,,One-day,sprint-friendly one-day,540.2378378378378,125.15135135135137,18.182291815424215,0.23783783783783785,0.010810810810810811,3.449105855855856,0.21793702039839688,117.75525419786504,0.8534898445481564,0.0,0.0,0.013513513513513514,0.22328265765765762,0.5810900552066851,0.26200789937329105,0.11648821791700813,0.32597270374243237,0.7977918111227297,1.0,0.4,37.57767100629287,24.0,-13.577671006292867,completed,active,team_program_live,,matched_via=normalized_name | history_fallback_from=1.1 | history_missing,2026-05-05
equipo-kern-pharma,Equipo Kern Pharma,2026,22183,Gran Premio Castellón,1.1,24.01,1,2026-01-24,2026-01-24,ruta-de-la-ceramica-gran-premio-castellon,2.0,One-day,sprint-friendly one-day,540.0,125.0,27.323030907278167,0.0,0.0,2.0300000000000002,0.3473834390260394,187.58705707406128,0.9723582474226804,0.0,0.0,0.0,0.04252577319587636,0.7181056701030928,0.23966225447471756,0.1439550531572165,0.3355734137886598,0.8006720241365979,1.0,0.4,60.078283475726465,3.0,-57.078283475726465,completed,active,team_program_live,,matched_via=normalized_name,2026-05-05
equipo-kern-pharma,Equipo Kern Pharma,2026,411,Clàssica Comunitat Valenciana 1969,1.1,25.01,1,2026-01-25,2026-01-25,gp-de-valence,3.0,One-day,sprint-friendly one-day,540.0,125.0,23.821529103953182,0.0,0.0,2.3233333333333337,0.30257155061700064,163.38863733318036,0.9477878006872852,0.0,0.0,0.0,0.0803264604810997,0.6897551546391752,0.24409967887369755,0.13827176707474226,0.333438003823024,0.8000314011469072,1.0,0.4,52.28641618285926,0.0,-52.28641618285926,completed,active,team_program_live,,matched_via=token_overlap,2026-05-05
equipo-kern-pharma,Equipo Kern Pharma,2026,271,Trofeo Calvià,1.1,28.01,1,2026-01-28,2026-01-28,trofeo-calvia,5.0,One-day,sprint-friendly one-day,540.0,125.0,20.38785642330014,0.0,0.0,2.692,0.2570617092813843,138.81332301194752,0.9169072164948454,0.0,0.0,0.0,0.12783505154639174,0.6541237113402062,0.24967671453877927,0.13112890979381445,0.3307541817525773,0.7992262545257731,1.0,0.4,44.37730089164606,7.0,-37.37730089164606,completed,active,team_program_live,,matched_via=normalized_name,2026-05-05
equipo-kern-pharma,Equipo Kern Pharma,2026,27987,Trofeo Ses Salines TTT,1.1,29.01,1,2026-01-29,2026-01-29,trofeo-ses-salines-felanitx,,One-day,sprint-friendly one-day,540.2378378378378,125.15135135135137,18.182291815424215,0.23783783783783785,0.010810810810810811,3.449105855855856,0.21793702039839688,117.75525419786504,0.8534898445481564,0.0,0.0,0.013513513513513514,0.22328265765765762,0.5810900552066851,0.26200789937329105,0.11648821791700813,0.32597270374243237,0.7977918111227297,1.0,0.4,37.57767100629287,0.0,-37.57767100629287,completed,active,team_program_live,,matched_via=token_overlap | history_fallback_from=1.1 | history_missing,2026-05-05
equipo-kern-pharma,Equipo Kern Pharma,2026,100,Trofeo Serra Tramuntana,1.1,30.01,1,2026-01-30,2026-01-30,deia-trophy,5.0,One-day,sprint-friendly one-day,540.0,125.0,14.971744110565528,0.0,0.0,4.582,0.1599838099492309,86.39125737258468,0.7585953608247423,0.0,0.0,0.0,0.3713917525773195,0.4714561855670104,0.2782678467458437,0.09451046423969074,0.3169953470876289,0.7950986041262886,1.0,0.4,27.47582725826281,8.0,-19.47582725826281,completed,active,team_program_live,,matched_via=normalized_name,2026-05-05
equipo-kern-pharma,Equipo Kern Pharma,2026,274,Trofeo Andratx - Pollença,1.1,31.01,1,2026-01-31,2026-01-31,trofeo-pollenca-port-d-andratx,4.0,One-day,sprint-friendly one-day,540.0,125.0,16.930940526612698,0.0,0.0,3.6175,0.20052851108518205,108.2853959859983,0.8393846649484535,0.0,0.0,0.0,0.24710051546391754,0.5646746134020618,0.26367729277033386,0.11319749637564433,0.32401672065077325,0.797205016195232,1.0,0.4,34.53026434428996,1.0,-33.53026434428996,completed,active,team_program_live,,matched_via=normalized_name,2026-05-05
equipo-kern-pharma,Equipo Kern Pharma,2026,97,GP la Marseillaise,1.1,01.02,2,2026-02-01,2026-02-01,gp-d-ouverture,5.0,One-day,sprint-friendly one-day,540.0,125.0,13.66798354266588,0.0,0.0,4.09,0.15491993959869524,83.65676738329543,0.7998067010309279,0.0,0.0,0.0,0.3079896907216494,0.5190077319587629,0.2708250758220999,0.10404288498711341,0.3205770119845361,0.7961731035953608,0.8,0.4,21.313685799780313,0.0,-21.313685799780313,completed,active,team_program_live,overlap_2,matched_via=token_overlap,2026-05-05
equipo-kern-pharma,Equipo Kern Pharma,2026,83,Trofeo Palma,1.1,01.02,2,2026-02-01,2026-02-01,trofeo-palma,4.0,One-day,sprint-friendly one-day,540.0,125.0,17.97501458583164,0.0,0.0,3.1050000000000004,0.2221063388928985,119.93742300216519,0.8823131443298969,0.0,0.0,0.0,0.18105670103092786,0.6142074742268041,0.2559244063914341,0.12312710132087629,0.32774762158505155,0.7983242864755155,0.8,0.4,30.639666444773,18.0,-12.639666444772999,completed,active,team_program_live,overlap_2,matched_via=normalized_name,2026-05-05
equipo-kern-pharma,Equipo Kern Pharma,2026,319,Volta Comunitat Valenciana,2.Pro,04.02-08.02,2,2026-02-04,2026-02-08,vuelta-a-la-comunidad-valenciana,5.0,Stage race,multi-stage race,1133.4,296.0,33.80228947274654,218.4,5.0,3.876,0.6198064426177117,702.4886220629145,0.15,0.49390222984562604,0.5562758978244831,0.0,0.7804123711340206,0.6684643065551449,0.44529199821113913,0.13400369721357713,0.49003023500332027,0.847009070500996,1.0,0.25,148.75355870275868,4.0,-144.75355870275868,completed,active,team_program_live,,matched_via=normalized_name,2026-05-05
equipo-kern-pharma,Equipo Kern Pharma,2026,74,Vuelta a Murcia,2.1,13.02-14.02,2,2026-02-13,2026-02-14,vuelta-ciclista-a-la-region-de-murcia,5.0,One-day,sprint-friendly one-day,540.0,125.0,13.700626781835172,0.0,0.0,4.404,0.14921525672537683,80.57623863170349,0.7735051546391754,0.0,0.0,0.0,0.34845360824742255,0.4886597938144331,0.27557513694009894,0.09795918556701033,0.3182911526804123,0.7954873458041236,0.8,0.3,15.383370768963239,0.0,-15.383370768963239,completed,active,team_program_live,overlap_2,matched_via=token_overlap,2026-05-05
equipo-kern-pharma,Equipo Kern Pharma,2026,18947,Figueira Champions Classic,1.Pro,14.02,2,2026-02-14,2026-02-14,figueira-champions-classic,3.0,One-day,sprint-friendly one-day,790.0,175.0,39.46615632554391,0.0,0.0,1.9766666666666672,0.5523674151820623,436.3702579938292,0.9768256013745704,0.0,0.0,0.0,0.03565292096219941,0.7232603092783505,0.2388554500385394,0.14498837789948454,0.33596167014604816,0.8007885010438144,0.8,0.3,83.86566835175546,10.0,-73.86566835175546,completed,active,team_program_live,overlap_2,matched_via=normalized_name,2026-05-05
equipo-kern-pharma,Equipo Kern Pharma,2026,129,Clasica de Almeria,1.Pro,15.02,2,2026-02-15,2026-02-15,clasica-de-almeria,5.0,One-day,sprint-friendly one-day,915.0,200.0,23.605323832074316,0.0,0.0,3.9300000000000006,0.37141337792062823,339.84324079737485,0.8132087628865978,0.0,0.0,0.0,0.28737113402061865,0.5344716494845361,0.2684046625135654,0.10714285921391753,0.32174178105670104,0.7965225343170103,1.0,0.3,81.20783982912928,0.0,-81.20783982912928,completed,active,team_program_live,,matched_via=normalized_name,2026-05-05
equipo-kern-pharma,Equipo Kern Pharma,2026,16519,Clásica Jaén,1.1,16.02,2,2026-02-16,2026-02-16,clasica-jaen-paraiso-interior,4.0,One-day,sprint-friendly one-day,540.0,125.0,24.841635097291935,0.0,0.0,2.2375000000000003,0.31563402702633647,170.4423745942217,0.9549774484536082,0.0,0.0,0.0,0.06926546391752586,0.6980509020618556,0.24280122798422332,0.1399347740818299,0.3340628538981959,0.8002188561694588,1.0,0.4,54.5564808162378,12.0,-42.5564808162378,completed,active,team_program_live,,matched_via=normalized_name,2026-05-05
equipo-kern-pharma,Equipo Kern Pharma,2026,110,Vuelta a Andalucía,2.Pro,18.02-22.02,2,2026-02-18,2026-02-22,ruta-del-sol,4.0,Stage race,multi-stage race,1135.0,300.0,35.07038875316878,220.0,5.0,3.4375,0.6448380014380815,731.8911316322225,0.15,0.4963550600343053,0.5534849897306027,0.0,0.7239046391752577,0.7117885017506322,0.430340630023365,0.1426886820034405,0.48676107762917165,0.8460283232887514,1.0,0.25,154.80015673117902,4.0,-150.80015673117902,completed,active,team_program_live,,matched_via=token_overlap,2026-05-05
equipo-kern-pharma,Equipo Kern Pharma,2026,109,Giro di Sardegna,2.1,25.02-01.03,3,2026-02-25,2026-03-01,giro-di-sardegna,,Stage race,multi-stage race,656.0276422764229,193.53536585365853,23.1301579628762,105.3569105691057,4.792276422764227,3.2497682926829268,0.3527298415849212,233.57396975588452,0.15,0.31399565431117427,0.31646085701195803,0.0,0.6892396907216495,0.6623365132728598,0.3434223102973559,0.13277528913324385,0.4073534459968403,0.822206033799052,0.8,0.3,46.09102254520453,74.0,27.90897745479547,completed,active,team_program_live,overlap_3,matched_via=normalized_name | history_fallback_from=2.1 | history_missing,2026-05-05
equipo-kern-pharma,Equipo Kern Pharma,2026,27602,Visit South Aegean GP,1.1,28.02,2,2026-02-28,2026-02-28,visit-south-aegean-gp,,One-day,sprint-friendly one-day,540.2378378378378,125.15135135135137,18.182291815424215,0.23783783783783785,0.010810810810810811,3.449105855855856,0.21793702039839688,117.75525419786504,0.8534898445481564,0.0,0.0,0.013513513513513514,0.22328265765765762,0.5810900552066851,0.26200789937329105,0.11648821791700813,0.32597270374243237,0.7977918111227297,0.8,0.4,30.062136805034296,40.0,9.937863194965704,completed,active,team_program_live,overlap_3,matched_via=normalized_name | history_fallback_from=1.1 | history_missing,2026-05-05
equipo-kern-pharma,Equipo Kern Pharma,2026,27604,Region on Dodecanese GP,1.1,01.03,3,2026-03-01,2026-03-01,region-on-dodecanese-gp,,One-day,sprint-friendly one-day,540.2378378378378,125.15135135135137,18.182291815424215,0.23783783783783785,0.010810810810810811,3.449105855855856,0.21793702039839688,117.75525419786504,0.8534898445481564,0.0,0.0,0.013513513513513514,0.22328265765765762,0.5810900552066851,0.26200789937329105,0.11648821791700813,0.32597270374243237,0.7977918111227297,0.8,0.4,30.062136805034296,75.0,44.9378631949657,completed,active,team_program_live,overlap_3,matched_via=normalized_name | history_fallback_from=1.1 | history_missing,2026-05-05
equipo-kern-pharma,Equipo Kern Pharma,2026,132,Tour de Taiwan,2.1,15.03-19.03,3,2026-03-15,2026-03-19,tour-de-taiwan,4.0,Stage race,multi-stage race,650.0,195.0,20.946173450029377,110.0,5.0,3.2025,0.3298164270287603,214.38067756869418,0.15,0.3277229845626072,0.324024033380526,0.0,0.6936211340206185,0.6696426400505738,0.34916833096371525,0.13423991183773828,0.4134122133348124,0.8240236640004437,1.0,0.3,52.99642542631593,76.0,23.00357457368407,completed,active,team_program_live,,matched_via=normalized_name,2026-05-05
equipo-kern-pharma,Equipo Kern Pharma,2026,22014,Clásica Terres de l´Ebre,1.1,21.03,3,2026-03-21,2026-03-21,clasica-terres-de-l-ebre,1.0,One-day,sprint-friendly one-day,540.0,125.0,25.11627906976744,0.0,0.0,2.1500000000000004,0.3203955200577251,173.01358083117154,0.9623067010309279,0.0,0.0,0.0,0.0579896907216495,0.7065077319587629,0.24147756445611845,0.1416300724871134,0.3346998369845361,0.8004099510953608,1.0,0.4,55.39271670876451,68.0,12.60728329123549,completed,active,team_program_live,,matched_via=token_overlap,2026-05-05
equipo-kern-pharma,Equipo Kern Pharma,2026,1499,Gran Premio Primavera-Ontur,1.2,22.03,3,2026-03-22,2026-03-22,gran-premio-de-primavera-ontur-copa-de-espana-elit,,,,,,,,,,,,,,,,,,0.0,0.0,0.0,0.7,1.0,0.25,0.0,2.0,2.0,completed,active,team_program_live,,matched_via=normalized_name | history_missing,2026-05-05
equipo-kern-pharma,Equipo Kern Pharma,2026,14,Volta Ciclista a Catalunya,2.UWT,23.03-29.03,3,2026-03-23,2026-03-29,volta-a-catalunya,,Stage race,multi-stage race,1155.4944444444445,303.9194444444444,34.23952658855011,249.86944444444444,5.447222222222222,3.833013888888889,0.6404649540503146,742.531046339422,0.15,0.5563752799218601,0.5842148598565164,0.0,0.733206257159221,0.6911739889964122,0.4525136816481169,0.13855619370416578,0.5003567201606929,0.8501070160482078,0.8,0.18,90.89724270625338,35.0,-55.89724270625338,completed,active,team_program_live,overlap_2,matched_via=normalized_name | history_fallback_from=2.Pro | history_missing,2026-05-05
equipo-kern-pharma,Equipo Kern Pharma,2026,260,La Roue Tourangelle,1.1,29.03,3,2026-03-29,2026-03-29,la-roue-tourangelle,5.0,One-day,sprint-friendly one-day,540.0,125.0,13.391209147802433,0.0,0.0,4.112,0.15140073973753518,81.756399458269,0.7979639175257731,0.0,0.0,0.0,0.31082474226804124,0.516881443298969,0.2711578826520234,0.10361663853092783,0.32041685623711336,0.796125056871134,0.8,0.4,20.828261813853942,5.0,-15.828261813853942,completed,active,team_program_live,overlap_2,matched_via=token_overlap,2026-05-05
equipo-kern-pharma,Equipo Kern Pharma,2026,145,Paris - Camembert,1.1,31.03,3,2026-03-31,2026-03-31,paris-camembert,5.0,One-day,sprint-friendly one-day,540.0,125.0,12.256911847494733,0.0,0.0,4.4399999999999995,0.13238071103372995,71.48558395821418,0.7704896907216496,0.0,0.0,0.0,0.3530927835051545,0.48518041237113413,0.2761197299345193,0.09726169136597941,0.31802907963917526,0.7954087238917525,1.0,0.4,22.744102845143953,1.0,-21.744102845143953,completed,active,team_program_live,,matched_via=normalized_name,2026-05-05
equipo-kern-pharma,Equipo Kern Pharma,2026,134,Route Adélie de Vitré,1.1,03.04,4,2026-04-03,2026-04-03,route-adelie-de-vitre,5.0,One-day,hard one-day,540.0,125.0,9.56316255619038,0.0,0.0,5.714,0.07764215558717424,41.92676401707409,0.6637757731958763,0.0,0.0,0.0,0.48273195876288666,0.362048969072165,0.2860700965909373,0.07257814658505156,0.3013012012628866,0.7903903603788659,1.0,0.4,13.255404048389943,76.0,62.74459595161006,completed,active,team_program_live,,matched_via=token_overlap,2026-05-05
equipo-kern-pharma,Equipo Kern Pharma,2026,48,GP Miguel Indurain,1.Pro,04.04,4,2026-04-04,2026-04-04,gran-premio-miguel-indurain,5.0,One-day,sprint-friendly one-day,915.0,200.0,20.20572241917412,0.0,0.0,4.608,0.3203050232156829,293.07909624234986,0.756417525773196,0.0,0.0,0.0,0.374742268041237,0.4689432989690723,0.2786611639084806,0.09400671842783508,0.3168060721134021,0.7950418216340206,1.0,0.3,69.90304156781107,12.0,-57.90304156781107,completed,active,team_program_live,,matched_via=token_overlap,2026-05-05
equipo-kern-pharma,Equipo Kern Pharma,2026,6,Itzulia Basque Country,2.UWT,06.04-11.04,4,2026-04-06,2026-04-11,itzulia-basque-country,,Stage race,multi-stage race,1155.4944444444445,303.9194444444444,34.23952658855011,249.86944444444444,5.447222222222222,3.833013888888889,0.6404649540503146,742.531046339422,0.15,0.5563752799218601,0.5842148598565164,0.0,0.733206257159221,0.6911739889964122,0.4525136816481169,0.13855619370416578,0.5003567201606929,0.8501070160482078,1.0,0.18,113.62155338281673,38.0,-75.62155338281673,completed,active,team_program_live,,matched_via=normalized_name | history_fallback_from=2.Pro | history_missing,2026-05-05
equipo-kern-pharma,Equipo Kern Pharma,2026,1242,Clásica de Pascua-Padron,1.2,12.04,4,2026-04-12,2026-04-12,clasica-pascua,,,,,,,,,,,,,,,,,,0.0,0.0,0.0,0.7,1.0,0.25,0.0,15.0,15.0,completed,active,team_program_live,,matched_via=token_overlap | history_missing,2026-05-05
equipo-kern-pharma,Equipo Kern Pharma,2026,16526,O Gran Camiño,2.1,14.04-18.04,4,2026-04-14,2026-04-18,gran-camino,4.0,Stage race,short stage race,617.75,172.75,30.519486977926878,77.75,4.25,2.0675,0.43564316148193905,269.1185630054678,0.15,0.2544194897084048,0.22697648507447804,0.0,0.5473582474226804,0.7603244748103483,0.2782910632963475,0.15241844584285646,0.3749218911355017,0.8124765673406504,0.8,0.3,52.47660630679945,17.0,-35.47660630679945,completed,active,team_program_live,overlap_3,matched_via=normalized_name,2026-05-05
equipo-kern-pharma,Equipo Kern Pharma,2026,15075,Classic Grand Besançon Doubs,1.1,17.04,4,2026-04-17,2026-04-17,classic-grand-besancon-doubs,5.0,One-day,sprint-friendly one-day,540.0,125.0,23.146794505137823,0.0,0.0,2.498,0.29165269356920787,157.49245452737225,0.9331572164948453,0.0,0.0,0.0,0.10283505154639183,0.6728737113402061,0.2467419634021811,0.13488762854381442,0.3321664642525773,0.7996499392757731,0.8,0.4,40.300426143745824,25.0,-15.300426143745824,completed,active,team_program_live,overlap_3,matched_via=normalized_name,2026-05-05
equipo-kern-pharma,Equipo Kern Pharma,2026,1285,Tour du Jura,1.1,18.04,4,2026-04-18,2026-04-18,tour-du-jura-cycliste,5.0,One-day,sprint-friendly one-day,540.0,125.0,18.723451682011145,0.0,0.0,3.164,0.2293323319377999,123.83945924641195,0.8773711340206185,0.0,0.0,0.0,0.18865979381443299,0.6085051546391753,0.25681693379895615,0.12198398582474228,0.32731811298969066,0.7981954338969072,0.8,0.4,31.631389090159406,42.0,10.368610909840594,completed,active,team_program_live,overlap_3,matched_via=token_overlap,2026-05-05
equipo-kern-pharma,Equipo Kern Pharma,2026,153,Vuelta a Asturias,2.1,23.04-26.04,4,2026-04-23,2026-04-26,vuelta-asturias,5.0,Stage race,short stage race,610.4,169.8,21.912545205893554,70.4,3.2,2.87,0.31954895294195546,195.0526808757696,0.15,0.20974271012006862,0.21274651538415523,0.0,0.6507731958762887,0.6784295370550476,0.29264188397055224,0.13600137714574012,0.3699788058461356,0.8109936417538406,0.8,0.3,37.96475615934962,9.0,-28.96475615934962,completed,active,team_program_live,overlap_3,matched_via=token_overlap,2026-05-05
equipo-kern-pharma,Equipo Kern Pharma,2026,11,Liège-Bastogne-Liège,1.UWT,26.04,4,2026-04-26,2026-04-26,liege-bastogne-liege,,One-day,hard one-day,895.7142857142857,196.14285714285714,22.896361214464072,0.0,0.0,4.436871428571429,0.34842848218550265,310.9190445598454,0.7707517488954345,0.0,0.0,0.0,0.3166660530191458,0.48548278718703985,0.26634871847052427,0.09732230693344994,0.3102774295557806,0.7930832288667341,0.8,0.18,35.50819388769824,10.0,-25.50819388769824,completed,active,team_program_live,overlap_3,matched_via=normalized_name | history_fallback_from=1.Pro | history_missing,2026-05-05
equipo-kern-pharma,Equipo Kern Pharma,2026,152,Tour of Türkiye,2.Pro,26.04-03.05,5,2026-04-26,2026-05-03,tour-of-turkey,5.0,Stage race,multi-stage race,1128.6,323.4,38.801588071842964,288.6,8.0,2.9939999999999998,0.7200554761520811,812.6546103852387,0.15,0.6969746998284734,0.6736599932202038,0.0,0.6667525773195876,0.795100661349932,0.4828016692930886,0.1593898540775141,0.5454066867357636,0.863622006020729,0.8,0.25,140.36528096457877,197.0,56.63471903542123,completed,active,team_program_live,overlap_3,matched_via=token_overlap,2026-05-05
equipo-kern-pharma,Equipo Kern Pharma,2026,180,Grand Prix du Morbihan,1.Pro,09.05,5,2026-05-09,2026-05-09,gp-de-plumelec,5.0,One-day,sprint-friendly one-day,915.0,200.0,17.785230308369503,0.0,0.0,5.266,0.28052830896389114,256.6834027019604,0.7013015463917527,0.0,0.0,0.0,0.4595360824742267,0.40534793814432996,0.2886151136398289,0.0812580744201031,0.31201595930412374,0.7936047877912371,0.95,0.3,58.05597553928425,,,scheduled,active,team_program_live,,matched_via=normalized_name,2026-05-05
equipo-kern-pharma,Equipo Kern Pharma,2026,27600,Baku-Khankendi Azerbaijan Cycling Race,2.1,10.05-14.05,5,2026-05-10,2026-05-14,baku-khankendi-azerbaijan-cycling-race,,Stage race,multi-stage race,656.0276422764229,193.53536585365853,23.1301579628762,105.3569105691057,4.792276422764227,3.2497682926829268,0.3527298415849212,233.57396975588452,0.15,0.31399565431117427,0.31646085701195803,0.0,0.6892396907216495,0.6623365132728598,0.3434223102973559,0.13277528913324385,0.4073534459968403,0.822206033799052,0.8,0.3,46.09102254520453,,,scheduled,active,team_program_live,overlap_3,matched_via=normalized_name | history_fallback_from=2.1 | history_missing,2026-05-05
equipo-kern-pharma,Equipo Kern Pharma,2026,148,Tro-Bro Leon,1.Pro,10.05,5,2026-05-10,2026-05-10,tro-bro-leon,5.0,One-day,sprint-friendly one-day,915.0,200.0,23.11966263235183,0.0,0.0,4.008,0.3644766479251027,333.496132851469,0.8066752577319588,0.0,0.0,0.0,0.2974226804123711,0.5269329896907217,0.269584614001476,0.10563162177835052,0.3211739561340206,0.7963521868402061,0.8,0.3,63.73928992776461,,,scheduled,active,team_program_live,overlap_3,matched_via=normalized_name,2026-05-05
equipo-kern-pharma,Equipo Kern Pharma,2026,537,Circuit de Wallonie,1.1,14.05,5,2026-05-14,2026-05-14,circuit-de-wallonie,4.0,One-day,sprint-friendly one-day,540.0,125.0,19.417835909132894,0.0,0.0,2.7975000000000003,0.24417896230071268,131.85663964238483,0.9080702319587628,0.0,0.0,0.0,0.14143041237113407,0.6439271907216495,0.25127267456409424,0.12908486428801547,0.32998616214561854,0.7989958486436856,0.8,0.4,33.71293046091901,,,scheduled,active,team_program_live,overlap_3,matched_via=token_overlap,2026-05-05
equipo-kern-pharma,Equipo Kern Pharma,2026,147,Tour du Finistère,1.1,16.05,5,2026-05-16,2026-05-16,tour-du-finistere,5.0,One-day,sprint-friendly one-day,540.0,125.0,11.025434763575214,0.0,0.0,5.28,0.10237744403583282,55.28381977934972,0.7001288659793815,0.0,0.0,0.0,0.4613402061855669,0.4039948453608248,0.28882689980432574,0.08098682667525775,0.31191404201030937,0.7935742126030928,0.95,0.4,16.671289225413723,,,scheduled,active,team_program_live,,matched_via=token_overlap,2026-05-05
equipo-kern-pharma,Equipo Kern Pharma,2026,182,Boucles de l'Aulne,1.1,17.05,5,2026-05-17,2026-05-17,boucles-de-l-aulne,5.0,One-day,sprint-friendly one-day,540.0,125.0,14.871696727490633,0.0,0.0,3.842,0.17316954691975828,93.51155533666947,0.8205798969072164,0.0,0.0,0.0,0.27603092783505156,0.5429768041237113,0.2670734351938714,0.10884784503865978,0.32238240404639174,0.7967147212139175,0.95,0.4,28.31077244132709,,,scheduled,active,team_program_live,,matched_via=normalized_name,2026-05-05
equipo-kern-pharma,Equipo Kern Pharma,2026,4008,GP Beiras e Serra da Estrela,2.1,20.05-24.05,5,2026-05-20,2026-05-24,gp-internacional-beiras-e-serra-da-estrela,1.0,Stage race,short stage race,606.0,167.0,18.25301204819277,66.0,3.0,3.3199999999999994,0.2668868916050088,161.73345631263533,0.15,0.19663379073756432,0.212932461265429,0.0,0.7087628865979381,0.6323429293911691,0.3048560559379226,0.12676262534040073,0.37050571202472765,0.8111517136074182,0.95,0.3,37.38925551715872,,,scheduled,active,team_program_live,,matched_via=token_overlap,2026-05-05
equipo-kern-pharma,Equipo Kern Pharma,2026,13188,Mercan'Tour Classic Alpes-Maritimes,1.1,03.06,6,2026-06-03,2026-06-03,mercan-tour-classic-alpes-maritimes,5.0,One-day,sprint-friendly one-day,540.0,125.0,25.34546476103694,0.0,0.0,2.246,0.32110181839820406,173.3949819350302,0.9542654639175258,0.0,0.0,0.0,0.07036082474226801,0.697229381443299,0.24292981244123915,0.13977008795103094,0.3340009755412371,0.800200292662371,0.95,0.4,52.72527181042713,,,scheduled,active,team_program_live,,matched_via=normalized_name,2026-05-05
equipo-kern-pharma,Equipo Kern Pharma,2026,231,Circuit Franco-Belge,1.Pro,10.06,6,2026-06-10,2026-06-10,circuit-franco-belge,5.0,One-day,sprint-friendly one-day,915.0,200.0,23.76483989056954,0.0,0.0,3.9480000000000004,0.3728486013072124,341.15647019609935,0.811701030927835,0.0,0.0,0.0,0.2896907216494846,0.5327319587628865,0.2686769590107755,0.10679411211340203,0.3216107445360824,0.7964832233608247,0.95,0.3,77.44174043987422,,,scheduled,active,team_program_live,,matched_via=normalized_name,2026-05-05
equipo-kern-pharma,Equipo Kern Pharma,2026,211,Tour of Slovenia,2.Pro,17.06-21.06,6,2026-06-17,2026-06-21,tour-of-slovenia,5.0,Stage race,multi-stage race,1144.0,300.0,32.55968600290562,229.0,5.0,4.142,0.6069662744973006,694.3694180249119,0.15,0.5101522298456261,0.571642206225448,0.0,0.8146907216494845,0.649005543668547,0.4607421612828659,0.13010289631151528,0.49848238023281144,0.8495447140698433,0.8,0.25,117.97957373896345,,,scheduled,active,team_program_live,overlap_3,matched_via=normalized_name,2026-05-05
equipo-kern-pharma,Equipo Kern Pharma,2026,212,Route d'Occitanie,2.1,18.06-20.06,6,2026-06-18,2026-06-20,la-route-d-occitanie,4.0,Stage race,short stage race,628.0,181.0,18.436581954741406,88.0,4.0,3.6525,0.277788038811499,174.45088837362138,0.15,0.2621783876500857,0.27856201020957544,0.0,0.7516108247422679,0.6131786738961292,0.3418724616598726,0.12292086286258755,0.3962598614958138,0.8188779584487441,0.8,0.3,34.2849569570306,,,scheduled,active,team_program_live,overlap_3,matched_via=token_overlap,2026-05-05
equipo-kern-pharma,Equipo Kern Pharma,2026,18948,Andorra MoraBanc Clàssica,1.1,21.06,6,2026-06-21,2026-06-21,andorra-morabanc-classica,1.0,One-day,sprint-friendly one-day,540.0,125.0,31.764705882352946,0.0,0.0,1.7,0.4034138825524807,217.84349657833957,1.0,0.0,0.0,0.0,0.0,0.75,0.23467015202586503,0.15034875,0.33797575,0.8013927249999999,0.8,0.4,55.86502187086199,,,scheduled,active,team_program_live,overlap_3,matched_via=normalized_name,2026-05-05
equipo-kern-pharma,Equipo Kern Pharma,2026,258,Sibiu Cycling Tour,2.1,04.07-07.07,7,2026-07-04,2026-07-07,sibiu-cycling-tour,5.0,Stage race,short stage race,641.2,189.4,24.92110090732096,101.2,4.6,2.694,0.377969171543462,242.35383279366783,0.15,0.3015051457975986,0.28809437875132105,0.0,0.6280927835051546,0.7136002236918888,0.32009970934586257,0.1430518688423945,0.39898278995423875,0.8196948369862715,0.95,0.3,56.617012857469035,,,scheduled,active,team_program_live,,matched_via=normalized_name,2026-05-05
equipo-kern-pharma,Equipo Kern Pharma,2026,207,Villafranca de Ordizia,1.1,25.07,7,2026-07-25,2026-07-25,prueba-villafranca,5.0,One-day,sprint-friendly one-day,540.0,125.0,12.941577414373631,0.0,0.0,4.42,0.1404208913880701,75.82728134955785,0.7721649484536084,0.0,0.0,0.0,0.35051546391752564,0.48711340206185577,0.2758171782709525,0.09764918814432992,0.3181746757731959,0.7954524027319587,0.95,0.4,22.920457394012452,,,scheduled,active,team_program_live,,matched_via=token_overlap,2026-05-05
equipo-kern-pharma,Equipo Kern Pharma,2026,85,Vuelta a Castilla y León,1.1,26.07,7,2026-07-26,2026-07-26,vuelta-a-castilla-y-leon,5.0,One-day,sprint-friendly one-day,557.6,136.2,22.191227349031106,17.6,0.8,2.6,0.2912202001177693,162.38438358566816,0.9246134020618556,0.0,0.0,0.0,0.115979381443299,0.6733928224080918,0.24828497688637188,0.13499169214403814,0.33350422113888345,0.800051266341665,0.95,0.4,49.368016054293314,,,scheduled,active,team_program_live,,matched_via=token_overlap,2026-05-05
equipo-kern-pharma,Equipo Kern Pharma,2026,18,Donostia San Sebastian Klasikoa,1.UWT,01.08,8,2026-08-01,2026-08-01,san-sebastian,,One-day,hard one-day,895.7142857142857,196.14285714285714,22.896361214464072,0.0,0.0,4.436871428571429,0.34842848218550265,310.9190445598454,0.7707517488954345,0.0,0.0,0.0,0.3166660530191458,0.48548278718703985,0.26634871847052427,0.09732230693344994,0.3102774295557806,0.7930832288667341,0.95,0.18,42.16598024164165,,,scheduled,active,team_program_live,,matched_via=token_overlap | history_fallback_from=1.Pro | history_missing,2026-05-05
equipo-kern-pharma,Equipo Kern Pharma,2026,202,Circuito de Getxo,1.1,02.08,8,2026-08-02,2026-08-02,circuito-de-getxo,5.0,One-day,sprint-friendly one-day,540.0,125.0,12.438652252892222,0.0,0.0,4.882,0.12586849456382074,67.96898706446319,0.7334664948453609,0.0,0.0,0.0,0.41005154639175245,0.44246134020618566,0.28280612169934594,0.08869801256443301,0.3148114050773196,0.7944434215231958,0.95,0.4,20.51905556356403,,,scheduled,active,team_program_live,,matched_via=normalized_name,2026-05-05
equipo-kern-pharma,Equipo Kern Pharma,2026,192,Vuelta a Burgos,2.Pro,04.08-08.08,8,2026-08-04,2026-08-08,vuelta-a-burgos,5.0,Stage race,multi-stage race,1133.4,296.0,29.827314913137776,218.4,5.0,4.348000000000001,0.5662481973006736,641.7857068205834,0.15,0.49390222984562604,0.5684408462780913,0.0,0.841237113402062,0.6228457498541139,0.46321927385247685,0.12485877324450495,0.49521879536414504,0.8485656386092435,0.95,0.25,129.3418583126421,,,scheduled,active,team_program_live,,matched_via=normalized_name,2026-05-05
equipo-kern-pharma,Equipo Kern Pharma,2026,259,Arctic Race of Norway,2.Pro,13.08-16.08,8,2026-08-13,2026-08-16,arctic-race-of-norway,5.0,Stage race,short stage race,1098.2,280.0,32.33874039273697,183.2,4.0,3.466,0.58965265579173,647.5565465904779,0.15,0.40812178387650083,0.48439360705098805,0.0,0.727577319587629,0.6873358782338066,0.3994602551548484,0.13778678683014003,0.4571692419353718,0.8371507725806115,0.8,0.25,108.42049265357028,,,scheduled,active,team_program_live,overlap_2,matched_via=normalized_name,2026-05-05
equipo-kern-pharma,Equipo Kern Pharma,2026,15209,Czech Tour,2.Pro,13.08-16.08,8,2026-08-13,2026-08-16,czech-tour,5.0,Stage race,short stage race,628.0,181.0,17.429258234371797,88.0,4.0,3.682,0.26595736746948684,167.02122677083773,0.15,0.2621783876500857,0.27932231948792596,0.0,0.7554123711340206,0.6103275141023148,0.3429929163874562,0.12234930511452054,0.3965841465183653,0.8189752439555096,0.8,0.25,27.357249988079065,,,scheduled,active,team_program_live,overlap_2,matched_via=normalized_name,2026-05-05
equipo-kern-pharma,Equipo Kern Pharma,2026,23,Vuelta a España,2.UWT,22.08-13.09,9,2026-08-22,2026-09-13,vuelta-a-espana,,Stage race,multi-stage race,1155.4944444444445,303.9194444444444,34.23952658855011,249.86944444444444,5.447222222222222,3.833013888888889,0.6404649540503146,742.531046339422,0.15,0.5563752799218601,0.5842148598565164,0.0,0.733206257159221,0.6911739889964122,0.4525136816481169,0.13855619370416578,0.5003567201606929,0.8501070160482078,0.8,0.18,90.89724270625338,,,scheduled,active,team_program_live,overlap_6,matched_via=token_overlap | history_fallback_from=2.Pro | history_missing,2026-05-05
equipo-kern-pharma,Equipo Kern Pharma,2026,263,GP Industria & Artigianato,1.Pro,06.09,9,2026-09-06,2026-09-06,gp-industria-artigianato,5.0,One-day,sprint-friendly one-day,915.0,200.0,26.581414277750618,0.0,0.0,3.536,0.41229779463253446,377.25248208876906,0.8462113402061855,0.0,0.0,0.0,0.23659793814432994,0.5725515463917525,0.26244439474129905,0.11477654574742267,0.3246100248969072,0.7973830074690721,0.8,0.3,72.19553249834757,,,scheduled,active,team_program_live,overlap_6,matched_via=normalized_name,2026-05-05
equipo-kern-pharma,Equipo Kern Pharma,2026,4025,Giro della Toscana,1.1,09.09,9,2026-09-09,2026-09-09,giro-di-toscana,5.0,One-day,sprint-friendly one-day,540.0,125.0,17.37974779340906,0.0,0.0,3.2600000000000002,0.2124559729730488,114.72622540544636,0.8693298969072165,0.0,0.0,0.0,0.2010309278350515,0.5992268041237114,0.25826918178407693,0.12012400128865981,0.32661925154639176,0.7979857754639175,0.8,0.4,29.29596670278826,,,scheduled,active,team_program_live,overlap_6,matched_via=normalized_name,2026-05-05
equipo-kern-pharma,Equipo Kern Pharma,2026,160,Coppa Sabatini,1.Pro,10.09,9,2026-09-10,2026-09-10,gp-citta-di-peccioli,5.0,One-day,sprint-friendly one-day,915.0,200.0,18.23156185887512,0.0,0.0,5.186,0.287064049490521,262.6636052838267,0.7080025773195877,0.0,0.0,0.0,0.4492268041237113,0.4130798969072165,0.28740490698556165,0.08280806153350516,0.3125983438402062,0.7937795031520618,0.8,0.3,50.03927666359806,,,scheduled,active,team_program_live,overlap_6,matched_via=token_overlap,2026-05-05
equipo-kern-pharma,Equipo Kern Pharma,2026,68,Memorial Pantani,1.1,12.09,9,2026-09-12,2026-09-12,memorial-marco-pantani,4.0,One-day,sprint-friendly one-day,540.0,125.0,10.895466495218411,0.0,0.0,5.0075,0.10619198147197417,57.343669994866055,0.7229542525773196,0.0,0.0,0.0,0.42622422680412364,0.43033182989690727,0.28470463338822777,0.08626647028028352,0.3138977893363402,0.794169336800902,0.8,0.4,14.572986998256818,,,scheduled,active,team_program_live,overlap_6,matched_via=token_overlap,2026-05-05
equipo-kern-pharma,Equipo Kern Pharma,2026,205,Trofeo Matteotti,1.1,13.09,9,2026-09-13,2026-09-13,trofeo-matteotti,4.0,One-day,sprint-friendly one-day,540.0,125.0,14.960844580956433,0.0,0.0,3.6100000000000003,0.1786506285811752,96.4713394338346,0.8400128865979382,0.0,0.0,0.0,0.24613402061855671,0.5653994845360825,0.26356383589649623,0.11334280766752577,0.3240713192010309,0.7972213957603093,0.8,0.4,24.610885079778622,,,scheduled,active,team_program_live,overlap_6,matched_via=normalized_name,2026-05-05
equipo-kern-pharma,Equipo Kern Pharma,2026,163,Giro della Romagna,1.1,20.09,9,2026-09-20,2026-09-20,giro-di-romagna,2.0,One-day,sprint-friendly one-day,540.0,125.0,30.398481973434535,0.0,0.0,1.78,0.38659506029992796,208.7613325619611,0.993298969072165,0.0,0.0,0.0,0.010309278350515427,0.7422680412371134,0.2358803586801323,0.14879876288659794,0.3373933654639175,0.8012180096391752,0.95,0.4,63.56006895866824,,,scheduled,active,team_program_live,,matched_via=normalized_name,2026-05-05
equipo-kern-pharma,Equipo Kern Pharma,2026,773,CRO Race,2.Pro,22.09-27.09,9,2026-09-22,2026-09-27,tour-of-croatia,5.0,Stage race,multi-stage race,672.0,209.0,27.36682876430502,132.0,6.0,2.4699999999999998,0.4310256143693285,289.64921285618874,0.15,0.39326758147512864,0.362205128716425,0.0,0.5992268041237113,0.7534100855864618,0.34573442194408777,0.15103235280709007,0.42745912385615625,0.8282377371568468,0.8,0.25,47.97968172505433,,,scheduled,active,team_program_live,overlap_2,matched_via=normalized_name,2026-05-05
equipo-kern-pharma,Equipo Kern Pharma,2026,128,Tour de Langkawi,2.Pro,27.09-04.10,10,2026-09-27,2026-10-04,tour-de-langkawi,4.0,Stage race,multi-stage race,1303.0,360.0,51.28740910539468,388.0,8.0,2.5999999999999996,0.9390038786447098,1223.5220538740568,0.15,0.8493567753001715,0.741377694470478,0.0,0.6159793814432989,0.8917890488231862,0.5177383943211841,0.17877249167234002,0.5927224587759279,0.8778167376327783,0.8,0.25,214.80562755069624,,,scheduled,active,team_program_live,overlap_2,matched_via=token_overlap,2026-05-05
