team_slug,team_name,planning_year,race_id,race_name,category,date_label,month,start_date,end_date,pcs_race_slug,historical_years_analyzed,race_type,route_profile,avg_top10_points,avg_winner_points,avg_points_efficiency,avg_stage_top10_points,avg_stage_count,avg_top10_field_form,base_opportunity_index,base_opportunity_points,specialty_fit_score,sprint_fit_bonus,team_fit_score,team_fit_multiplier,participation_confidence,execution_multiplier,expected_points,actual_points,ev_gap,status,team_calendar_status,source,overlap_group,notes,as_of_date
unibet-rose-rockets,Unibet Rose Rockets,2026,24922,Classica Camp de Morvedre,1.1,23.01,1,2026-01-23,2026-01-23,classica-camp-de-morvedre,,One-day,sprint-friendly one-day,540.2378378378378,125.15135135135137,18.182291815424215,0.23783783783783785,0.010810810810810811,3.449105855855856,0.21793702039839688,117.75525419786504,0.3869533702516949,0.14527251380167128,0.43548754149044244,0.8306462624471327,0.8,0.4,31.300147770549962,6.0,-25.300147770549962,completed,active,team_program_live,,matched_via=normalized_name | history_fallback_from=1.1 | history_missing,2026-04-18
unibet-rose-rockets,Unibet Rose Rockets,2026,22183,Gran Premio Castellón,1.1,24.01,1,2026-01-24,2026-01-24,ruta-de-la-ceramica-gran-premio-castellon,2.0,One-day,sprint-friendly one-day,540.0,125.0,27.323030907278167,0.0,0.0,2.0300000000000002,0.3473834390260394,187.58705707406128,0.39744845360824743,0.1795264175257732,0.47761275773195877,0.8432838273195876,0.8,0.4,50.62052206241035,40.0,-10.620522062410352,completed,active,team_program_live,,matched_via=normalized_name,2026-04-18
unibet-rose-rockets,Unibet Rose Rockets,2026,411,Clàssica Comunitat Valenciana 1969,1.1,25.01,1,2026-01-25,2026-01-25,gp-de-valence,3.0,One-day,sprint-friendly one-day,540.0,125.0,23.821529103953182,0.0,0.0,2.3233333333333337,0.30257155061700064,163.38863733318036,0.395180412371134,0.1724387886597938,0.4688240979381443,0.8406472293814432,0.8,0.4,43.9527056916952,121.0,77.0472943083048,completed,active,team_program_live,,matched_via=token_overlap,2026-04-18
unibet-rose-rockets,Unibet Rose Rockets,2026,271,Trofeo Calvià,1.1,28.01,1,2026-01-28,2026-01-28,trofeo-calvia,5.0,One-day,sprint-friendly one-day,540.0,125.0,20.38785642330014,0.0,0.0,2.692,0.2570617092813843,138.81332301194752,0.3923298969072165,0.16353092783505155,0.4577783505154639,0.8373335051546391,0.8,0.4,37.19457482232229,8.0,-29.194574822322288,completed,active,team_program_live,,matched_via=normalized_name,2026-04-18
unibet-rose-rockets,Unibet Rose Rockets,2026,27987,Trofeo Ses Salines TTT,1.1,29.01,1,2026-01-29,2026-01-29,trofeo-ses-salines-felanitx,,One-day,sprint-friendly one-day,540.2378378378378,125.15135135135137,18.182291815424215,0.23783783783783785,0.010810810810810811,3.449105855855856,0.21793702039839688,117.75525419786504,0.3869533702516949,0.14527251380167128,0.43548754149044244,0.8306462624471327,0.8,0.4,31.300147770549962,42.0,10.699852229450038,completed,active,team_program_live,,matched_via=token_overlap | history_fallback_from=1.1 | history_missing,2026-04-18
unibet-rose-rockets,Unibet Rose Rockets,2026,100,Trofeo Serra Tramuntana,1.1,30.01,1,2026-01-30,2026-01-30,deia-trophy,5.0,One-day,sprint-friendly one-day,540.0,125.0,14.971744110565528,0.0,0.0,4.582,0.1599838099492309,86.39125737258468,0.3777164948453608,0.1178640463917526,0.4011514175257732,0.8203454252577319,0.8,0.4,22.678615285716205,2.0,-20.678615285716205,completed,active,team_program_live,,matched_via=normalized_name,2026-04-18
unibet-rose-rockets,Unibet Rose Rockets,2026,274,Trofeo Andratx - Pollença,1.1,31.01,1,2026-01-31,2026-01-31,trofeo-pollenca-port-d-andratx,4.0,One-day,sprint-friendly one-day,540.0,125.0,16.930940526612698,0.0,0.0,3.6175,0.20052851108518205,108.2853959859983,0.38517396907216495,0.14116865335051546,0.4300491301546392,0.8290147390463917,0.8,0.4,28.726460574677624,14.0,-14.726460574677624,completed,active,team_program_live,,matched_via=normalized_name,2026-04-18
unibet-rose-rockets,Unibet Rose Rockets,2026,97,GP la Marseillaise,1.1,01.02,2,2026-02-01,2026-02-01,gp-d-ouverture,5.0,One-day,sprint-friendly one-day,540.0,125.0,13.66798354266588,0.0,0.0,4.09,0.15491993959869524,83.65676738329543,0.38152061855670105,0.12975193298969073,0.4158923969072165,0.824767719072165,0.8,0.4,22.079168390294807,0.0,-22.079168390294807,completed,active,team_program_live,overlap_2,matched_via=token_overlap,2026-04-18
unibet-rose-rockets,Unibet Rose Rockets,2026,83,Trofeo Palma,1.1,01.02,2,2026-02-01,2026-02-01,trofeo-palma,4.0,One-day,sprint-friendly one-day,540.0,125.0,17.97501458583164,0.0,0.0,3.1050000000000004,0.2221063388928985,119.93742300216519,0.3891365979381443,0.15355186855670103,0.44540431701030925,0.8336212951030927,0.8,0.4,31.99436476620557,20.0,-11.994364766205571,completed,active,team_program_live,overlap_2,matched_via=normalized_name,2026-04-18
unibet-rose-rockets,Unibet Rose Rockets,2026,106,Étoile de Bessèges,2.1,04.02-08.02,2,2026-02-04,2026-02-08,etoile-de-besseges,5.0,Stage race,multi-stage race,641.2,189.4,15.805960763106615,101.2,5.0,4.158,0.24777596431508042,158.87394831882958,0.33109505629199826,0.14302634458276603,0.3913476368017647,0.8174042910405294,0.8,0.3,31.167419301687023,128.0,96.83258069831298,completed,active,team_program_live,,matched_via=normalized_name,2026-04-18
unibet-rose-rockets,Unibet Rose Rockets,2026,4396,Tour de La Provence,2.1,13.02-15.02,2,2026-02-13,2026-02-15,tour-cycliste-international-la-provence,4.0,Stage race,short stage race,836.0,227.0,29.90213119534626,108.5,3.75,2.825,0.4854101655760043,405.8028984215396,0.29256350438899625,0.17631084662517021,0.3957334749169174,0.8187200424750751,0.8,0.3,79.73735189572596,16.0,-63.737351895725965,completed,active,team_program_live,overlap_3,matched_via=normalized_name,2026-04-18
unibet-rose-rockets,Unibet Rose Rockets,2026,74,Vuelta a Murcia,2.1,13.02-14.02,2,2026-02-13,2026-02-14,vuelta-ciclista-a-la-region-de-murcia,5.0,One-day,sprint-friendly one-day,540.0,125.0,13.700626781835172,0.0,0.0,4.404,0.14921525672537683,80.57623863170349,0.3790927835051547,0.12216494845360827,0.40648453608247426,0.8219453608247422,0.8,0.3,15.895023728648653,0.0,-15.895023728648653,completed,active,team_program_live,overlap_3,matched_via=token_overlap,2026-04-18
unibet-rose-rockets,Unibet Rose Rockets,2026,129,Clasica de Almeria,1.Pro,15.02,2,2026-02-15,2026-02-15,clasica-de-almeria,5.0,One-day,sprint-friendly one-day,915.0,200.0,23.605323832074316,0.0,0.0,3.9300000000000006,0.37141337792062823,339.84324079737485,0.3827577319587629,0.13361791237113402,0.4206862113402062,0.8262058634020618,0.8,0.3,67.38731476424397,60.0,-7.387314764243968,completed,active,team_program_live,overlap_3,matched_via=normalized_name,2026-04-18
unibet-rose-rockets,Unibet Rose Rockets,2026,16519,Clásica Jaén,1.1,16.02,2,2026-02-16,2026-02-16,clasica-jaen-paraiso-interior,4.0,One-day,sprint-friendly one-day,540.0,125.0,24.841635097291935,0.0,0.0,2.2375000000000003,0.31563402702633647,170.4423745942217,0.3958440721649484,0.1745127255154639,0.4713957796391752,0.8414187338917525,0.8,0.4,45.89229025042363,16.0,-29.892290250423628,completed,active,team_program_live,,matched_via=normalized_name,2026-04-18
unibet-rose-rockets,Unibet Rose Rockets,2026,21999,Classic Var,1.1,21.02,2,2026-02-21,2026-02-21,classic-var,2.0,One-day,sprint-friendly one-day,540.0,125.0,27.88235294117647,0.0,0.0,1.975,0.3546990042322327,191.53746228540567,0.39787371134020616,0.18085534793814434,0.47926063144329895,0.8437781894329897,0.8,0.4,51.71684260344613,0.0,-51.71684260344613,completed,active,team_program_live,,matched_via=normalized_name,2026-04-18
unibet-rose-rockets,Unibet Rose Rockets,2026,111,Tour des Alpes-Maritimes,1.1,22.02,2,2026-02-22,2026-02-22,tour-des-alpes-maritimes,5.0,Stage race,short stage race,597.2,161.4,13.114396553715306,57.2,2.6,4.7780000000000005,0.17515101002405623,104.60018318636638,0.3037711934786537,0.12155982542306945,0.34938822053205976,0.8048164661596179,0.8,0.4,26.938863933344027,5.0,-21.938863933344027,completed,active,team_program_live,,matched_via=normalized_name,2026-04-18
unibet-rose-rockets,Unibet Rose Rockets,2026,121,Faun-Ardèche Classic,1.Pro,28.02,2,2026-02-28,2026-02-28,faun-ardeche-classic,5.0,One-day,sprint-friendly one-day,915.0,200.0,17.329949942827795,0.0,0.0,5.37,0.27342861595030515,250.18718359452922,0.37162371134020616,0.09882409793814435,0.377541881443299,0.8132625644329896,0.8,0.3,48.83228892440496,0.0,-48.83228892440496,completed,active,team_program_live,overlap_3,matched_via=normalized_name,2026-04-18
unibet-rose-rockets,Unibet Rose Rockets,2026,53,Omloop Nieuwsblad,1.UWT,28.02,2,2026-02-28,2026-02-28,omloop-het-nieuwsblad,,One-day,hard one-day,895.7142857142857,196.14285714285714,22.896361214464072,0.0,0.0,4.436871428571429,0.34842848218550265,310.9190445598454,0.3716339101620029,0.12137069679675996,0.4000961294182621,0.8200288388254786,0.8,0.18,36.71461196339577,64.0,27.285388036604232,completed,active,team_program_live,overlap_3,matched_via=normalized_name | history_fallback_from=1.Pro | history_missing,2026-04-18
unibet-rose-rockets,Unibet Rose Rockets,2026,27602,Visit South Aegean GP,1.1,28.02,2,2026-02-28,2026-02-28,visit-south-aegean-gp,,One-day,sprint-friendly one-day,540.2378378378378,125.15135135135137,18.182291815424215,0.23783783783783785,0.010810810810810811,3.449105855855856,0.21793702039839688,117.75525419786504,0.3869533702516949,0.14527251380167128,0.43548754149044244,0.8306462624471327,0.8,0.4,31.300147770549962,77.0,45.69985222945004,completed,active,team_program_live,overlap_3,matched_via=normalized_name | history_fallback_from=1.1 | history_missing,2026-04-18
unibet-rose-rockets,Unibet Rose Rockets,2026,432,Faun Drome Classic,1.Pro,01.03,3,2026-03-01,2026-03-01,la-drome-classic,5.0,One-day,hard one-day,915.0,200.0,16.413939844623638,0.0,0.0,5.642,0.25793120038567285,236.00704835289065,0.3663247422680413,0.09225193298969073,0.3669954896907217,0.8100986469072164,0.8,0.3,45.88535772749825,22.0,-23.885357727498253,completed,active,team_program_live,overlap_3,matched_via=normalized_name,2026-04-18
unibet-rose-rockets,Unibet Rose Rockets,2026,84,Kuurne-Brussel-Kuurne,1.Pro,01.03,3,2026-03-01,2026-03-01,kuurne-brussel-kuurne,5.0,One-day,sprint-friendly one-day,915.0,200.0,16.728202736967194,0.0,0.0,5.486,0.2644596742503294,241.9806019390514,0.37072680412371134,0.09602126288659796,0.3740663659793815,0.8122199097938144,0.8,0.3,47.169951042909425,10.0,-37.169951042909425,completed,active,team_program_live,overlap_3,matched_via=normalized_name,2026-04-18
unibet-rose-rockets,Unibet Rose Rockets,2026,27604,Region on Dodecanese GP,1.1,01.03,3,2026-03-01,2026-03-01,region-on-dodecanese-gp,,One-day,sprint-friendly one-day,540.2378378378378,125.15135135135137,18.182291815424215,0.23783783783783785,0.010810810810810811,3.449105855855856,0.21793702039839688,117.75525419786504,0.3869533702516949,0.14527251380167128,0.43548754149044244,0.8306462624471327,0.8,0.4,31.300147770549962,79.0,47.69985222945004,completed,active,team_program_live,overlap_3,matched_via=normalized_name | history_fallback_from=1.1 | history_missing,2026-04-18
unibet-rose-rockets,Unibet Rose Rockets,2026,116,Ename Samyn Classic,1.1,03.03,3,2026-03-03,2026-03-03,gp-samyn,5.0,One-day,sprint-friendly one-day,540.0,125.0,10.903397421859172,0.0,0.0,5.162,0.10329416882364337,55.77885116476742,0.37323195876288656,0.10384987113402062,0.38377384020618555,0.8151321520618556,0.8,0.4,14.54948319663194,28.0,13.45051680336806,completed,active,team_program_live,,matched_via=normalized_name,2026-04-18
unibet-rose-rockets,Unibet Rose Rockets,2026,112,Trofeo Laigueglia,1.Pro,04.03,3,2026-03-04,2026-03-04,trofeo-laigueglia,5.0,One-day,sprint-friendly one-day,915.0,200.0,17.738346094233776,0.0,0.0,5.228,0.2807387465459221,256.87595308951876,0.37272164948453607,0.10225515463917527,0.38179639175257735,0.8145389175257731,0.8,0.3,50.2165105843051,8.0,-42.2165105843051,completed,active,team_program_live,,matched_via=normalized_name,2026-04-18
unibet-rose-rockets,Unibet Rose Rockets,2026,54,Strade Bianche,1.UWT,07.03,3,2026-03-07,2026-03-07,strade-bianche,,One-day,hard one-day,895.7142857142857,196.14285714285714,22.896361214464072,0.0,0.0,4.436871428571429,0.34842848218550265,310.9190445598454,0.3716339101620029,0.12137069679675996,0.4000961294182621,0.8200288388254786,0.8,0.18,36.71461196339577,43.0,6.285388036604232,completed,active,team_program_live,,matched_via=normalized_name | history_fallback_from=1.Pro | history_missing,2026-04-18
unibet-rose-rockets,Unibet Rose Rockets,2026,89,Milano - Torino,1.Pro,18.03,3,2026-03-18,2026-03-18,milano-torino,5.0,One-day,sprint-friendly one-day,915.0,200.0,24.410604084659276,0.0,0.0,4.042,0.3782503116697278,346.09903517780094,0.38189175257731955,0.13091172680412372,0.4173305412371134,0.825199162371134,0.8,0.3,68.54415214228297,19.0,-49.54415214228297,completed,active,team_program_live,overlap_2,matched_via=normalized_name,2026-04-18
unibet-rose-rockets,Unibet Rose Rockets,2026,122,Nokere Koerse,1.Pro,18.03,3,2026-03-18,2026-03-18,nokere-koerse,5.0,One-day,sprint-friendly one-day,915.0,200.0,21.186232896003624,0.0,0.0,4.494,0.3334693371088817,305.12444345462677,0.37839690721649477,0.11999033505154641,0.4037880154639175,0.8211364046391751,0.8,0.3,60.13170923180677,47.0,-13.131709231806767,completed,active,team_program_live,overlap_2,matched_via=token_overlap,2026-04-18
unibet-rose-rockets,Unibet Rose Rockets,2026,146,GP de Denain,1.Pro,19.03,3,2026-03-19,2026-03-19,gp-de-denain,5.0,One-day,sprint-friendly one-day,915.0,200.0,22.91809880585098,0.0,0.0,4.108,0.36029046275782084,329.66577342340605,0.38138144329896906,0.12931701030927836,0.4153530927835052,0.8246059278350515,0.8,0.3,65.24264423262423,9.0,-56.24264423262423,completed,active,team_program_live,,matched_via=token_overlap,2026-04-18
unibet-rose-rockets,Unibet Rose Rockets,2026,123,Bredene Koksijde Classic,1.Pro,20.03,3,2026-03-20,2026-03-20,bredene-koksijde-classic,5.0,One-day,sprint-friendly one-day,915.0,200.0,19.930914892038817,0.0,0.0,4.892,0.31174337713470535,285.2451900782554,0.3753195876288659,0.11037371134020618,0.3918634020618556,0.8175590206185567,0.8,0.3,55.96914677676781,125.0,69.03085322323219,completed,active,team_program_live,,matched_via=normalized_name,2026-04-18
unibet-rose-rockets,Unibet Rose Rockets,2026,4,Milano-Sanremo,1.UWT,21.03,3,2026-03-21,2026-03-21,milano-sanremo,,One-day,hard one-day,895.7142857142857,196.14285714285714,22.896361214464072,0.0,0.0,4.436871428571429,0.34842848218550265,310.9190445598454,0.3716339101620029,0.12137069679675996,0.4000961294182621,0.8200288388254786,0.8,0.18,36.71461196339577,35.0,-1.7146119633957682,completed,active,team_program_live,,matched_via=normalized_name | history_fallback_from=1.Pro | history_missing,2026-04-18
unibet-rose-rockets,Unibet Rose Rockets,2026,2729,GP Jean-Pierre Monseré,1.1,22.03,3,2026-03-22,2026-03-22,grote-prijs-jean-pierre-monsere,5.0,One-day,sprint-friendly one-day,540.0,125.0,14.810123182552761,0.0,0.0,3.714,0.17495546950115382,94.47595353062306,0.3844278350515464,0.13883698453608248,0.4271578608247423,0.8281473582474226,0.8,0.4,25.03680362697336,89.0,63.96319637302664,completed,active,team_program_live,,matched_via=token_overlap,2026-04-18
unibet-rose-rockets,Unibet Rose Rockets,2026,40,Ronde Van Brugge - Tour of Bruges,1.UWT,25.03,3,2026-03-25,2026-03-25,classic-brugge-de-panne,,One-day,hard one-day,895.7142857142857,196.14285714285714,22.896361214464072,0.0,0.0,4.436871428571429,0.34842848218550265,310.9190445598454,0.3716339101620029,0.12137069679675996,0.4000961294182621,0.8200288388254786,0.8,0.18,36.71461196339577,245.0,208.28538803660422,completed,active,team_program_live,,matched_via=normalized_name | history_fallback_from=1.Pro | history_missing,2026-04-18
unibet-rose-rockets,Unibet Rose Rockets,2026,47,E3 Saxo Classic,1.UWT,27.03,3,2026-03-27,2026-03-27,e3-harelbeke,,One-day,hard one-day,895.7142857142857,196.14285714285714,22.896361214464072,0.0,0.0,4.436871428571429,0.34842848218550265,310.9190445598454,0.3716339101620029,0.12137069679675996,0.4000961294182621,0.8200288388254786,0.8,0.18,36.71461196339577,22.0,-14.714611963395768,completed,active,team_program_live,,matched_via=normalized_name | history_fallback_from=1.Pro | history_missing,2026-04-18
unibet-rose-rockets,Unibet Rose Rockets,2026,7,In Flanders Fields,1.UWT,29.03,3,2026-03-29,2026-03-29,gent-wevelgem,,One-day,hard one-day,895.7142857142857,196.14285714285714,22.896361214464072,0.0,0.0,4.436871428571429,0.34842848218550265,310.9190445598454,0.3716339101620029,0.12137069679675996,0.4000961294182621,0.8200288388254786,0.8,0.18,36.71461196339577,45.0,8.285388036604232,completed,active,team_program_live,overlap_2,matched_via=normalized_name | history_fallback_from=1.Pro | history_missing,2026-04-18
unibet-rose-rockets,Unibet Rose Rockets,2026,260,La Roue Tourangelle,1.1,29.03,3,2026-03-29,2026-03-29,la-roue-tourangelle,5.0,One-day,sprint-friendly one-day,540.0,125.0,13.391209147802433,0.0,0.0,4.112,0.15140073973753518,81.756399458269,0.38135051546391746,0.12922036082474225,0.41523324742268036,0.824569974226804,0.8,0.4,21.572439102137977,75.0,53.42756089786202,completed,active,team_program_live,overlap_2,matched_via=token_overlap,2026-04-18
unibet-rose-rockets,Unibet Rose Rockets,2026,145,Paris - Camembert,1.1,31.03,3,2026-03-31,2026-03-31,paris-camembert,5.0,One-day,sprint-friendly one-day,540.0,125.0,12.256911847494733,0.0,0.0,4.4399999999999995,0.13238071103372995,71.48558395821418,0.37881443298969075,0.12129510309278353,0.4054059278350516,0.8216217783505154,0.8,0.4,18.794916037815366,26.0,7.205083962184634,completed,active,team_program_live,,matched_via=normalized_name,2026-04-18
unibet-rose-rockets,Unibet Rose Rockets,2026,75,Dwars door Vlaanderen,1.UWT,01.04,4,2026-04-01,2026-04-01,dwars-door-vlaanderen,,One-day,hard one-day,895.7142857142857,196.14285714285714,22.896361214464072,0.0,0.0,4.436871428571429,0.34842848218550265,310.9190445598454,0.3716339101620029,0.12137069679675996,0.4000961294182621,0.8200288388254786,0.8,0.18,36.71461196339577,53.0,16.285388036604232,completed,active,team_program_live,,matched_via=normalized_name | history_fallback_from=1.Pro | history_missing,2026-04-18
unibet-rose-rockets,Unibet Rose Rockets,2026,134,Route Adélie de Vitré,1.1,03.04,4,2026-04-03,2026-04-03,route-adelie-de-vitre,5.0,One-day,hard one-day,540.0,125.0,9.56316255619038,0.0,0.0,5.714,0.07764215558717424,41.92676401707409,0.36205670103092785,0.09051224226804125,0.36205476804123715,0.8086164304123711,0.8,0.4,10.848854482633056,28.0,17.151145517366942,completed,active,team_program_live,,matched_via=token_overlap,2026-04-18
unibet-rose-rockets,Unibet Rose Rockets,2026,126,NXT Classic,1.1,04.04,4,2026-04-04,2026-04-04,volta-nxt-classic,4.0,One-day,sprint-friendly one-day,540.0,125.0,18.3887680330837,0.0,0.0,2.955,0.22963099557392233,124.00073760991806,0.39029639175257724,0.15717622422680413,0.44989851804123704,0.8349695554123711,0.8,0.4,33.131789040947005,4.0,-29.131789040947005,completed,active,team_program_live,,matched_via=normalized_name,2026-04-18
unibet-rose-rockets,Unibet Rose Rockets,2026,5,Ronde van Vlaanderen,1.UWT,05.04,4,2026-04-05,2026-04-05,ronde-van-vlaanderen,,One-day,hard one-day,895.7142857142857,196.14285714285714,22.896361214464072,0.0,0.0,4.436871428571429,0.34842848218550265,310.9190445598454,0.3716339101620029,0.12137069679675996,0.4000961294182621,0.8200288388254786,0.8,0.18,36.71461196339577,35.0,-1.7146119633957682,completed,active,team_program_live,,matched_via=normalized_name | history_fallback_from=1.Pro | history_missing,2026-04-18
unibet-rose-rockets,Unibet Rose Rockets,2026,217,Région Pays de la Loire Tour,2.Pro,07.04-10.04,4,2026-04-07,2026-04-10,region-pays-de-la-loire,4.0,Stage race,short stage race,628.0,181.0,20.640778152009812,88.0,4.0,3.1075,0.31296259556035605,196.5405100119036,0.2839801998534932,0.16646316074207354,0.3794483106321934,0.813834493189658,0.8,0.25,31.990289271354893,155.0,123.0097107286451,completed,active,team_program_live,overlap_2,matched_via=normalized_name,2026-04-18
unibet-rose-rockets,Unibet Rose Rockets,2026,56,Scheldeprijs,1.Pro,08.04,4,2026-04-08,2026-04-08,scheldeprijs,5.0,One-day,hard one-day,915.0,200.0,12.805852377784209,0.0,0.0,7.353999999999999,0.18450515619357738,168.8222179171233,0.26484020618556703,0.05088595360824745,0.2495161082474227,0.7748548324742268,0.8,0.3,31.395050731703996,12.0,-19.395050731703996,completed,active,team_program_live,overlap_2,matched_via=normalized_name,2026-04-18
unibet-rose-rockets,Unibet Rose Rockets,2026,8,Paris-Roubaix,1.UWT,12.04,4,2026-04-12,2026-04-12,paris-roubaix,,One-day,hard one-day,895.7142857142857,196.14285714285714,22.896361214464072,0.0,0.0,4.436871428571429,0.34842848218550265,310.9190445598454,0.3716339101620029,0.12137069679675996,0.4000961294182621,0.8200288388254786,0.8,0.18,36.71461196339577,35.0,-1.7146119633957682,completed,active,team_program_live,,matched_via=token_overlap | history_fallback_from=1.Pro | history_missing,2026-04-18
unibet-rose-rockets,Unibet Rose Rockets,2026,437,Ronde van Limburg,1.1,15.04,4,2026-04-15,2026-04-15,ronde-van-limburg,5.0,One-day,sprint-friendly one-day,540.0,125.0,15.377658851084979,0.0,0.0,3.528,0.18489506789730356,99.84333666454393,0.38586597938144335,0.1433311855670103,0.4327306701030928,0.8298192010309278,0.8,0.4,26.512613714954814,12.0,-14.512613714954814,completed,active,team_program_live,,matched_via=normalized_name,2026-04-18
unibet-rose-rockets,Unibet Rose Rockets,2026,77,Brabantse Pijl,1.Pro,17.04,4,2026-04-17,2026-04-17,brabantse-pijl,5.0,One-day,sprint-friendly one-day,915.0,200.0,18.19873484416627,0.0,0.0,5.404,0.28248317286134617,258.47210316813175,0.371360824742268,0.09800257731958766,0.3765231958762887,0.8129569587628865,0.8,0.3,50.43040677998674,14.0,-36.43040677998674,completed,active,team_program_live,overlap_2,matched_via=token_overlap,2026-04-18
unibet-rose-rockets,Unibet Rose Rockets,2026,15075,Classic Grand Besançon Doubs,1.1,17.04,4,2026-04-17,2026-04-17,classic-grand-besancon-doubs,5.0,One-day,sprint-friendly one-day,540.0,125.0,23.146794505137823,0.0,0.0,2.498,0.29165269356920787,157.49245452737225,0.3938298969072165,0.16821842783505153,0.4635908505154639,0.8390772551546392,0.8,0.4,42.28746766476618,21.0,-21.287467664766183,completed,active,team_program_live,overlap_2,matched_via=normalized_name,2026-04-18
unibet-rose-rockets,Unibet Rose Rockets,2026,1285,Tour du Jura,1.1,18.04,4,2026-04-18,2026-04-18,tour-du-jura-cycliste,5.0,One-day,sprint-friendly one-day,540.0,125.0,18.723451682011145,0.0,0.0,3.164,0.2293323319377999,123.83945924641195,0.388680412371134,0.15212628865979383,0.4436365979381443,0.8330909793814433,0.8,0.4,33.01425164469173,,,scheduled,active,team_program_live,,matched_via=token_overlap,2026-04-18
unibet-rose-rockets,Unibet Rose Rockets,2026,9,Amstel Gold Race,1.UWT,19.04,4,2026-04-19,2026-04-19,amstel-gold-race,,One-day,hard one-day,895.7142857142857,196.14285714285714,22.896361214464072,0.0,0.0,4.436871428571429,0.34842848218550265,310.9190445598454,0.3716339101620029,0.12137069679675996,0.4000961294182621,0.8200288388254786,0.8,0.18,36.71461196339577,,,scheduled,active,team_program_live,,matched_via=normalized_name | history_fallback_from=1.Pro | history_missing,2026-04-18
unibet-rose-rockets,Unibet Rose Rockets,2026,10,La Flèche Wallonne,1.UWT,22.04,4,2026-04-22,2026-04-22,la-fleche-wallonne,,One-day,hard one-day,895.7142857142857,196.14285714285714,22.896361214464072,0.0,0.0,4.436871428571429,0.34842848218550265,310.9190445598454,0.3716339101620029,0.12137069679675996,0.4000961294182621,0.8200288388254786,0.8,0.18,36.71461196339577,,,scheduled,active,team_program_live,,matched_via=normalized_name | history_fallback_from=1.Pro | history_missing,2026-04-18
unibet-rose-rockets,Unibet Rose Rockets,2026,152,Tour of Türkiye,2.Pro,26.04-03.05,5,2026-04-26,2026-05-03,tour-of-turkey,5.0,Stage race,multi-stage race,1128.6,323.4,38.801588071842964,288.6,8.0,2.9939999999999998,0.7200554761520811,812.6546103852387,0.42256678785897267,0.198775165337483,0.5157002562317125,0.8547100768695137,0.8,0.25,138.91681690214642,,,scheduled,active,team_program_live,overlap_3,matched_via=token_overlap,2026-04-18
unibet-rose-rockets,Unibet Rose Rockets,2026,35,Eschborn-Frankfurt,1.UWT,01.05,5,2026-05-01,2026-05-01,eschborn-frankfurt,,One-day,hard one-day,895.7142857142857,196.14285714285714,22.896361214464072,0.0,0.0,4.436871428571429,0.34842848218550265,310.9190445598454,0.3716339101620029,0.12137069679675996,0.4000961294182621,0.8200288388254786,0.8,0.18,36.71461196339577,,,scheduled,active,team_program_live,overlap_3,matched_via=normalized_name | history_fallback_from=1.Pro | history_missing,2026-04-18
unibet-rose-rockets,Unibet Rose Rockets,2026,7660,Famenne Ardenne Classic,1.1,03.05,5,2026-05-03,2026-05-03,famenne-ardenne-classic,4.0,One-day,sprint-friendly one-day,540.0,125.0,19.296659075025897,0.0,0.0,2.805,0.24267940427177667,131.0468783067594,0.3914561855670103,0.16080057989690721,0.45439271907216494,0.8363178157216494,0.8,0.4,35.070988487247945,,,scheduled,active,team_program_live,overlap_3,matched_via=token_overlap,2026-04-18
unibet-rose-rockets,Unibet Rose Rockets,2026,513,Tour of Hellas,2.1,06.05-10.05,5,2026-05-06,2026-05-10,international-tour-of-hellas,4.0,Stage race,multi-stage race,646.25,195.0,26.426201136712216,106.25,5.25,2.565,0.40180967403989165,259.66950184828,0.29020112999582,0.1822614003841665,0.39991224788103147,0.8199736743643093,0.8,0.3,51.101317332212155,,,scheduled,active,team_program_live,overlap_10,matched_via=normalized_name,2026-04-18
unibet-rose-rockets,Unibet Rose Rockets,2026,13,Giro d'Italia,2.UWT,08.05-31.05,5,2026-05-08,2026-05-31,giro-d-italia,,Stage race,multi-stage race,1155.4944444444445,303.9194444444444,34.23952658855011,249.86944444444444,5.447222222222222,3.833013888888889,0.6404649540503146,742.531046339422,0.39581162206375176,0.17279349724910306,0.4696522137969169,0.840895664139075,0.8,0.18,89.91232377918776,,,scheduled,active,team_program_live,overlap_10,matched_via=normalized_name | history_fallback_from=2.Pro | history_missing,2026-04-18
unibet-rose-rockets,Unibet Rose Rockets,2026,180,Grand Prix du Morbihan,1.Pro,09.05,5,2026-05-09,2026-05-09,gp-de-plumelec,5.0,One-day,sprint-friendly one-day,915.0,200.0,17.785230308369503,0.0,0.0,5.266,0.28052830896389114,256.6834027019604,0.3724278350515464,0.10133698453608249,0.3806578608247423,0.8141973582474227,0.8,0.3,50.15782761261492,,,scheduled,active,team_program_live,overlap_10,matched_via=normalized_name,2026-04-18
unibet-rose-rockets,Unibet Rose Rockets,2026,148,Tro-Bro Leon,1.Pro,10.05,5,2026-05-10,2026-05-10,tro-bro-leon,5.0,One-day,sprint-friendly one-day,915.0,200.0,23.11966263235183,0.0,0.0,4.008,0.3644766479251027,333.496132851469,0.3821546391752577,0.13173324742268042,0.4183492268041237,0.8255047680412371,0.8,0.3,66.07263547012835,,,scheduled,active,team_program_live,overlap_10,matched_via=normalized_name,2026-04-18
unibet-rose-rockets,Unibet Rose Rockets,2026,147,Tour du Finistère,1.1,16.05,5,2026-05-16,2026-05-16,tour-du-finistere,5.0,One-day,sprint-friendly one-day,540.0,125.0,11.025434763575214,0.0,0.0,5.28,0.10237744403583282,55.28381977934972,0.372319587628866,0.1009987113402062,0.3802384020618557,0.8140715206185567,0.8,0.4,14.40159463468079,,,scheduled,active,team_program_live,overlap_10,matched_via=token_overlap,2026-04-18
unibet-rose-rockets,Unibet Rose Rockets,2026,182,Boucles de l'Aulne,1.1,17.05,5,2026-05-17,2026-05-17,boucles-de-l-aulne,5.0,One-day,sprint-friendly one-day,540.0,125.0,14.871696727490633,0.0,0.0,3.842,0.17316954691975828,93.51155533666947,0.38343814432989687,0.13574420103092782,0.4233228092783505,0.826996842783505,0.8,0.4,24.74680352870422,,,scheduled,active,team_program_live,overlap_10,matched_via=normalized_name,2026-04-18
unibet-rose-rockets,Unibet Rose Rockets,2026,144,Rund um Köln,1.1,17.05,5,2026-05-17,2026-05-17,rund-um-koln,4.0,One-day,sprint-friendly one-day,540.0,125.0,16.249903681840884,0.0,0.0,3.435,0.19644319878102418,106.07932734175306,0.3865850515463917,0.14557828608247422,0.435517074742268,0.8306551224226804,0.8,0.4,28.196907724665433,,,scheduled,active,team_program_live,overlap_10,matched_via=normalized_name,2026-04-18
unibet-rose-rockets,Unibet Rose Rockets,2026,24917,Classique Dunkerque,1.Pro,19.05,5,2026-05-19,2026-05-19,classique-dunkerque,1.0,One-day,sprint-friendly one-day,915.0,200.0,53.8235294117647,0.0,0.0,1.7,0.7523153942428035,688.3685857321652,0.39999999999999997,0.1875,0.4875,0.84625,0.8,0.3,139.80765976220275,,,scheduled,active,team_program_live,overlap_10,matched_via=normalized_name,2026-04-18
unibet-rose-rockets,Unibet Rose Rockets,2026,175,4 Jours de Dunkerque,2.Pro,20.05-24.05,5,2026-05-20,2026-05-24,4-jours-de-dunkerque,4.0,Stage race,multi-stage race,1192.75,315.0,34.955310979895735,277.75,5.75,3.5549999999999997,0.6721252723704718,801.6774186198803,0.4107437561303165,0.18362072371620308,0.49167854081394047,0.8475035622441821,0.8,0.25,135.8848936102138,,,scheduled,active,team_program_live,overlap_10,matched_via=normalized_name,2026-04-18
unibet-rose-rockets,Unibet Rose Rockets,2026,343,Boucles de la Mayenne,2.Pro,28.05-31.05,5,2026-05-28,2026-05-31,boucles-de-la-mayenne,5.0,Stage race,short stage race,1098.2,280.0,31.08158018557534,183.2,4.0,3.5740000000000003,0.573511772722045,629.8306288033499,0.3548802741415487,0.16922443347597743,0.435384639082139,0.8306153917246416,0.8,0.25,104.62940289273436,,,scheduled,active,team_program_live,overlap_10,matched_via=normalized_name,2026-04-18
unibet-rose-rockets,Unibet Rose Rockets,2026,13188,Mercan'Tour Classic Alpes-Maritimes,1.1,03.06,6,2026-06-03,2026-06-03,mercan-tour-classic-alpes-maritimes,5.0,One-day,sprint-friendly one-day,540.0,125.0,25.34546476103694,0.0,0.0,2.246,0.32110181839820406,173.3949819350302,0.3957783505154639,0.17430734536082476,0.47114110824742267,0.8413423324742267,0.8,0.4,46.68305233297431,,,scheduled,active,team_program_live,,matched_via=normalized_name,2026-04-18
unibet-rose-rockets,Unibet Rose Rockets,2026,250,Tour of Estonia,2.1,04.06-06.06,6,2026-06-04,2026-06-06,tour-of-estonia,5.0,Stage race,short stage race,585.4,155.8,10.484245832053853,45.4,2.2,5.686,0.12081687127233182,70.72619644282304,0.31562303571206857,0.0978810056409259,0.3345982824249773,0.8003794847274931,0.8,0.3,13.585871199754118,,,scheduled,active,team_program_live,,matched_via=normalized_name,2026-04-18
unibet-rose-rockets,Unibet Rose Rockets,2026,24060,Copenhagen Sprint,1.UWT,14.06,6,2026-06-14,2026-06-14,copenhagen-sprint,,One-day,hard one-day,895.7142857142857,196.14285714285714,22.896361214464072,0.0,0.0,4.436871428571429,0.34842848218550265,310.9190445598454,0.3716339101620029,0.12137069679675996,0.4000961294182621,0.8200288388254786,0.8,0.18,36.71461196339577,,,scheduled,active,team_program_live,,matched_via=normalized_name | history_fallback_from=1.Pro | history_missing,2026-04-18
unibet-rose-rockets,Unibet Rose Rockets,2026,60,Baloise Belgium Tour,2.Pro,17.06-21.06,6,2026-06-17,2026-06-21,tour-of-belgium,5.0,Stage race,multi-stage race,1144.0,300.0,33.98696198903292,229.0,5.0,3.466,0.6359881902654283,727.5704896636499,0.381441846661728,0.17858514880373466,0.46466653380003065,0.8393999601400092,0.8,0.25,122.14452800454295,,,scheduled,active,team_program_live,overlap_2,matched_via=normalized_name,2026-04-18
unibet-rose-rockets,Unibet Rose Rockets,2026,212,Route d'Occitanie,2.1,18.06-20.06,6,2026-06-18,2026-06-20,la-route-d-occitanie,4.0,Stage race,short stage race,628.0,181.0,18.436581954741406,88.0,4.0,3.6525,0.277788038811499,174.45088837362138,0.2998994438397475,0.1532946684740323,0.37821925135384293,0.8134657754061528,0.8,0.3,34.05835852347363,,,scheduled,active,team_program_live,overlap_2,matched_via=token_overlap,2026-04-18
unibet-rose-rockets,Unibet Rose Rockets,2026,258,Sibiu Cycling Tour,2.1,04.07-07.07,7,2026-07-04,2026-07-07,sibiu-cycling-tour,5.0,Stage race,short stage race,641.2,189.4,24.92110090732096,101.2,4.6,2.694,0.377969171543462,242.35383279366783,0.2843321696940601,0.1784000559229722,0.39164918319351727,0.8174947549580551,0.8,0.3,47.549516916673184,,,scheduled,active,team_program_live,,matched_via=normalized_name,2026-04-18
unibet-rose-rockets,Unibet Rose Rockets,2026,63,Tour de l'Ain,2.1,28.07-30.07,7,2026-07-28,2026-07-30,tour-de-l-ain,5.0,Stage race,short stage race,606.0,167.0,18.994730866082868,66.0,3.0,3.2060000000000004,0.27738185606630295,168.0934047761796,0.26614043339527454,0.1608402426570706,0.3604455677035265,0.8081336703110579,0.8,0.3,32.60206563764552,,,scheduled,active,team_program_live,overlap_2,matched_via=normalized_name,2026-04-18
unibet-rose-rockets,Unibet Rose Rockets,2026,32,PostNord Tour of Denmark,2.Pro,29.07-02.08,8,2026-07-29,2026-08-02,tour-of-denmark,5.0,Stage race,multi-stage race,1128.4,296.0,24.513746250435865,213.4,5.0,4.944,0.49321155737914324,556.5399213466253,0.4186958973265957,0.14057363596576541,0.45459555896071213,0.8363786676882136,0.8,0.25,93.09562358623873,,,scheduled,active,team_program_live,overlap_2,matched_via=normalized_name,2026-04-18
unibet-rose-rockets,Unibet Rose Rockets,2026,203,Polynormande,1.1,16.08,8,2026-08-16,2026-08-16,la-poly-normande,5.0,One-day,sprint-friendly one-day,540.0,125.0,11.109867131569988,0.0,0.0,4.914,0.1103960194952939,59.61385052745871,0.3751494845360825,0.10984213917525776,0.3912042525773196,0.8173612757731958,0.8,0.4,15.592336934680404,,,scheduled,active,team_program_live,,matched_via=token_overlap,2026-04-18
unibet-rose-rockets,Unibet Rose Rockets,2026,191,Tour du Limousin,2.1,18.08-21.08,8,2026-08-18,2026-08-21,tour-du-limousin,5.0,Stage race,short stage race,628.0,181.0,17.25287264073365,88.0,4.0,3.6420000000000003,0.2647588245243051,166.2685418012636,0.29959274280881965,0.15354837337093952,0.37824293047755425,0.8134728791432663,0.8,0.3,32.46118785840634,,,scheduled,active,team_program_live,,matched_via=token_overlap,2026-04-18
unibet-rose-rockets,Unibet Rose Rockets,2026,92,GP de Fourmies,1.Pro,13.09,9,2026-09-13,2026-09-13,gp-de-fourmies,5.0,One-day,sprint-friendly one-day,915.0,200.0,22.43010316762497,0.0,0.0,4.206,0.35294103913839336,322.9410508116299,0.3806237113402062,0.12694909793814435,0.41241688144329897,0.8237250644329897,0.8,0.3,63.84351309308814,,,scheduled,active,team_program_live,,matched_via=normalized_name,2026-04-18
unibet-rose-rockets,Unibet Rose Rockets,2026,444,Gooikse Pijl,1.1,20.09,9,2026-09-20,2026-09-20,gooikse-pijl,5.0,One-day,sprint-friendly one-day,540.0,125.0,10.577259895974214,0.0,0.0,5.504,0.09303759270416868,50.24030006025109,0.37058762886597935,0.0955863402061856,0.37352706185567014,0.812058118556701,0.8,0.4,13.055373933648514,,,scheduled,active,team_program_live,,matched_via=token_overlap,2026-04-18
unibet-rose-rockets,Unibet Rose Rockets,2026,949,Paris-Chauny,1.1,27.09,9,2026-09-27,2026-09-27,paris-chauny-classique,5.0,One-day,sprint-friendly one-day,540.0,125.0,13.729948184780891,0.0,0.0,4.054,0.15630849201751185,84.40658568945639,0.381798969072165,0.13062177835051547,0.4169710051546392,0.8250913015463917,0.8,0.4,22.2858046865922,,,scheduled,active,team_program_live,,matched_via=normalized_name,2026-04-18
unibet-rose-rockets,Unibet Rose Rockets,2026,94,Tour de Vendée,1.1,04.10,10,2026-10-04,2026-10-04,tour-de-vendee,4.0,One-day,sprint-friendly one-day,540.0,125.0,17.646679192518047,0.0,0.0,3.4275,0.21220212674676742,114.5891484432544,0.3866430412371134,0.14575950386597938,0.4357417847938144,0.8307225354381442,0.8,0.4,30.461372137113017,,,scheduled,active,team_program_live,,matched_via=normalized_name,2026-04-18
unibet-rose-rockets,Unibet Rose Rockets,2026,28,Paris - Tours,1.Pro,11.10,10,2026-10-11,2026-10-11,paris-tours,5.0,One-day,hard one-day,915.0,200.0,13.330693373364705,0.0,0.0,6.9799999999999995,0.197601509789989,180.80538145783993,0.2870103092783506,0.05992268041237117,0.2751804123711341,0.7825541237113401,0.8,0.3,33.957599243768286,,,scheduled,active,team_program_live,,matched_via=token_overlap,2026-04-18
