team_slug,team_name,planning_year,source,scraped_at_utc,race_id,race_name,category,date_label,month,start_date,end_date,status,team_calendar_status,source_url,pcs_race_slug,observed_race_name,matched_via,notes,overlap_group
solution-tech-nippo-rali,Solution Tech NIPPO Rali,2026,team_program_live,2026-10-08T16:39:23.316532+00:00,460,Tour of Sharjah,2.2,23.01-27.01,1,2026-01-23,2026-01-27,completed,active,race/tour-of-sharjah-2026-gc/startlist,,Tour of Sharjah,normalized_name,matched_via=normalized_name,
solution-tech-nippo-rali,Solution Tech NIPPO Rali,2026,team_program_live,2026-10-08T16:39:23.316532+00:00,97,GP la Marseillaise,1.1,01.02,2,2026-02-01,2026-02-01,completed,active,race/gp-d-ouverture-2026-result/startlist,,Grand Prix Cycliste de Marseille La Marseillaise,token_overlap,matched_via=token_overlap,
solution-tech-nippo-rali,Solution Tech NIPPO Rali,2026,team_program_live,2026-10-08T16:39:23.316532+00:00,106,Étoile de Bessèges,2.1,04.02-08.02,2,2026-02-04,2026-02-08,completed,active,race/etoile-de-besseges-2026-gc/startlist,,Etoile de Bessèges - Tour du Gard,normalized_name,matched_via=normalized_name,overlap_2
solution-tech-nippo-rali,Solution Tech NIPPO Rali,2026,team_program_live,2026-10-08T16:39:23.316532+00:00,319,Volta Comunitat Valenciana,2.Pro,04.02-08.02,2,2026-02-04,2026-02-08,completed,active,race/vuelta-a-la-comunidad-valenciana-2026-gc/startlist,,Volta Comunitat Valenciana,normalized_name,matched_via=normalized_name,overlap_2
solution-tech-nippo-rali,Solution Tech NIPPO Rali,2026,team_program_live,2026-10-08T16:39:23.316532+00:00,109,Giro di Sardegna,2.1,25.02-01.03,3,2026-02-25,2026-03-01,completed,active,race/giro-di-sardegna-2026-gc/startlist,,Giro di Sardegna,normalized_name,matched_via=normalized_name,
solution-tech-nippo-rali,Solution Tech NIPPO Rali,2026,team_program_live,2026-10-08T16:39:23.316532+00:00,112,Trofeo Laigueglia,1.Pro,04.03,3,2026-03-04,2026-03-04,completed,active,race/trofeo-laigueglia-2026-result/startlist,,Trofeo Laigueglia,normalized_name,matched_via=normalized_name,overlap_2
solution-tech-nippo-rali,Solution Tech NIPPO Rali,2026,team_program_live,2026-10-08T16:39:23.316532+00:00,277,UMAG Classic,1.2,04.03,3,2026-03-04,2026-03-04,completed,active,race/trofej-umag-2026-result/startlist,,UMAG Classic,normalized_name,matched_via=normalized_name,overlap_2
solution-tech-nippo-rali,Solution Tech NIPPO Rali,2026,team_program_live,2026-10-08T16:39:23.316532+00:00,54,Strade Bianche,1.UWT,07.03,3,2026-03-07,2026-03-07,completed,active,race/strade-bianche-2026-result/startlist,,Strade Bianche,normalized_name,matched_via=normalized_name,
solution-tech-nippo-rali,Solution Tech NIPPO Rali,2026,team_program_live,2026-10-08T16:39:23.316532+00:00,278,POREC Classic,1.2,08.03,3,2026-03-08,2026-03-08,completed,active,race/porec-trophy-2026-result/startlist,,POREČ Classic,normalized_name,matched_via=normalized_name,
solution-tech-nippo-rali,Solution Tech NIPPO Rali,2026,team_program_live,2026-10-08T16:39:23.316532+00:00,3,Tirreno-Adriatico,2.UWT,09.03-15.03,3,2026-03-09,2026-03-15,completed,active,race/tirreno-adriatico-2026-gc/startlist,,Tirreno-Adriatico,normalized_name,matched_via=normalized_name,overlap_4
solution-tech-nippo-rali,Solution Tech NIPPO Rali,2026,team_program_live,2026-10-08T16:39:23.316532+00:00,276,Istrian Spring Tour,2.2,12.03-15.03,3,2026-03-12,2026-03-15,completed,active,race/istrian-spring-tour-2026-gc/startlist,,Istrian Spring Tour,normalized_name,matched_via=normalized_name,overlap_4
solution-tech-nippo-rali,Solution Tech NIPPO Rali,2026,team_program_live,2026-10-08T16:39:23.316532+00:00,132,Tour de Taiwan,2.1,15.03-19.03,3,2026-03-15,2026-03-19,completed,active,race/tour-de-taiwan-2026-gc/startlist,,Tour de Taiwan,normalized_name,matched_via=normalized_name,overlap_4
solution-tech-nippo-rali,Solution Tech NIPPO Rali,2026,team_program_live,2026-10-08T16:39:23.316532+00:00,89,Milano - Torino,1.Pro,18.03,3,2026-03-18,2026-03-18,completed,active,race/milano-torino-2026-result/startlist,,Milano - Torino,normalized_name,matched_via=normalized_name,overlap_4
solution-tech-nippo-rali,Solution Tech NIPPO Rali,2026,team_program_live,2026-10-08T16:39:23.316532+00:00,508,GP Slovenian Istria,1.2,22.03,3,2026-03-22,2026-03-22,completed,active,race/gp-izola-butan-plin-2026-result/startlist,,GP Slovenian Istria,normalized_name,matched_via=normalized_name,
solution-tech-nippo-rali,Solution Tech NIPPO Rali,2026,team_program_live,2026-10-08T16:39:23.316532+00:00,114,Coppi e Bartali,2.1,25.03-29.03,3,2026-03-25,2026-03-29,completed,active,race/settimana-internazionale-coppi-e-bartali-2026-gc/startlist,,Settimana Internazionale Coppi e Bartali,token_overlap,matched_via=token_overlap,
solution-tech-nippo-rali,Solution Tech NIPPO Rali,2026,team_program_live,2026-10-08T16:39:23.316532+00:00,56,Scheldeprijs,1.Pro,08.04,4,2026-04-08,2026-04-08,completed,active,race/scheldeprijs-2026-result/startlist,,Scheldeprijs,normalized_name,matched_via=normalized_name,
solution-tech-nippo-rali,Solution Tech NIPPO Rali,2026,team_program_live,2026-10-08T16:39:23.316532+00:00,139,Tour of Hainan,2.Pro,15.04-19.04,4,2026-04-15,2026-04-19,completed,active,race/tour-of-hainan-2026-gc/startlist,,Tour of Hainan,normalized_name,matched_via=normalized_name,overlap_2
solution-tech-nippo-rali,Solution Tech NIPPO Rali,2026,team_program_live,2026-10-08T16:39:23.316532+00:00,798,Giro della Provincia Biella,1.2,19.04,4,2026-04-19,2026-04-19,completed,active,race/trofeo-torino-biella-giro-della-provincia-di-biell/startlist,,Giro della Provincia di Biella - Torino-Biella,token_overlap,matched_via=token_overlap,overlap_2
solution-tech-nippo-rali,Solution Tech NIPPO Rali,2026,team_program_live,2026-10-08T16:39:23.316532+00:00,62,Tour of the Alps,2.Pro,20.04-24.04,4,2026-04-20,2026-04-24,completed,active,race/tour-of-the-alps-2026-gc/startlist,,Tour of the Alps,normalized_name,matched_via=normalized_name,
solution-tech-nippo-rali,Solution Tech NIPPO Rali,2026,team_program_live,2026-10-08T16:39:23.316532+00:00,149,Giro dell'Appennino,1.1,26.04,4,2026-04-26,2026-04-26,completed,active,race/giro-dell-appennino-2026-result/startlist,,Giro dell'Appennino,normalized_name,matched_via=normalized_name,overlap_3
solution-tech-nippo-rali,Solution Tech NIPPO Rali,2026,team_program_live,2026-10-08T16:39:23.316532+00:00,152,Tour of Türkiye,2.Pro,26.04-03.05,5,2026-04-26,2026-05-03,completed,active,race/tour-of-turkey-2026-gc/startlist,,Presidential Cycling Tour of Türkiye,token_overlap,matched_via=token_overlap,overlap_3
solution-tech-nippo-rali,Solution Tech NIPPO Rali,2026,team_program_live,2026-10-08T16:39:23.316532+00:00,1047,GP Vorarlberg,1.2,01.05,5,2026-05-01,2026-05-01,completed,active,race/gp-vorarlberg-2026-result/startlist,,GP Vorarlberg p/b Radhaus Rankweil,token_overlap,matched_via=token_overlap,overlap_3
solution-tech-nippo-rali,Solution Tech NIPPO Rali,2026,team_program_live,2026-10-08T16:39:23.316532+00:00,513,Tour of Hellas,2.1,06.05-10.05,5,2026-05-06,2026-05-10,completed,active,race/tour-of-hellas-2026-gc/startlist,,ΔΕΗ Tour of Hellas,normalized_name,matched_via=normalized_name,overlap_2
solution-tech-nippo-rali,Solution Tech NIPPO Rali,2026,team_program_live,2026-10-08T16:39:23.316532+00:00,27600,Baku-Khankendi Azerbaijan Cycling Race,2.1,10.05-14.05,5,2026-05-10,2026-05-14,completed,active,race/baku-khankendi-azerbaijan-cycling-race-2026-gc/startlist,,Baku-Khankendi Azerbaijan Cycling race,normalized_name,matched_via=normalized_name,overlap_2
solution-tech-nippo-rali,Solution Tech NIPPO Rali,2026,team_program_live,2026-10-08T16:39:23.316532+00:00,535,Circuito del Porto,1.2,17.05,5,2026-05-17,2026-05-17,completed,active,race/circuito-del-porto-trofeo-arvedi-2026-result/startlist,,Circuito del Porto - Trofeo Arvedi,normalized_name,matched_via=normalized_name,
solution-tech-nippo-rali,Solution Tech NIPPO Rali,2026,team_program_live,2026-10-08T16:39:23.316532+00:00,4008,GP Beiras e Serra da Estrela,2.1,20.05-24.05,5,2026-05-20,2026-05-24,completed,active,race/gp-internacional-beiras-e-serra-da-estrela-2026-gc/startlist,,Grande Prémio Internacional Beiras e Serra da Estrela,token_overlap,matched_via=token_overlap,overlap_4
solution-tech-nippo-rali,Solution Tech NIPPO Rali,2026,team_program_live,2026-10-08T16:39:23.316532+00:00,734,Due Giorni Marchigiana - G.P. Santa Rita,1.2,23.05,5,2026-05-23,2026-05-23,completed,active,race/due-giorni-marchigiana-gp-santa-rita-2026-result/startlist,,Due Giorni Marchigiana - G.P. Santa Rita,normalized_name,matched_via=normalized_name,overlap_4
solution-tech-nippo-rali,Solution Tech NIPPO Rali,2026,team_program_live,2026-10-08T16:39:23.316532+00:00,408,Trofeo Castelfidardo,1.2,24.05,5,2026-05-24,2026-05-24,completed,active,race/trofeo-citta-di-castelfidardo-2026-result/startlist,,Due Giorni Marchigiana - Trofeo Città di Castelfidardo,token_overlap,matched_via=token_overlap,overlap_4
solution-tech-nippo-rali,Solution Tech NIPPO Rali,2026,team_program_live,2026-10-08T16:39:23.316532+00:00,341,Tour of Japan,2.2,24.05-31.05,5,2026-05-24,2026-05-31,completed,active,race/tour-of-japan-2026-gc/startlist,,Tour of Japan,normalized_name,matched_via=normalized_name,overlap_4
solution-tech-nippo-rali,Solution Tech NIPPO Rali,2026,team_program_live,2026-10-08T16:39:23.316532+00:00,546,Trofeo Alcide Degasperi,1.2,02.06,6,2026-06-02,2026-06-02,completed,active,race/trofeo-alcide-degasperi-2026-result/startlist,,TrofeoAlcide Degasperi,token_overlap,matched_via=token_overlap,
solution-tech-nippo-rali,Solution Tech NIPPO Rali,2026,team_program_live,2026-10-08T16:39:23.316532+00:00,13188,Mercan'Tour Classic Alpes-Maritimes,1.1,03.06,6,2026-06-03,2026-06-03,completed,active,race/mercan-tour-classic-alpes-maritimes-2026-result/startlist,,Mercan'Tour Classic Alpes-Maritimes,normalized_name,matched_via=normalized_name,
solution-tech-nippo-rali,Solution Tech NIPPO Rali,2026,team_program_live,2026-10-08T16:39:23.316532+00:00,199,GP Gippingen,1.1,14.06,6,2026-06-14,2026-06-14,completed,active,race/gp-du-canton-d-argovie-2026-result/startlist,,GP Gippingen,normalized_name,matched_via=normalized_name,
solution-tech-nippo-rali,Solution Tech NIPPO Rali,2026,team_program_live,2026-10-08T16:39:23.316532+00:00,211,Tour of Slovenia,2.Pro,17.06-21.06,6,2026-06-17,2026-06-21,completed,active,race/tour-of-slovenia-2026-gc/startlist,,Tour of Slovenia,normalized_name,matched_via=normalized_name,overlap_3
solution-tech-nippo-rali,Solution Tech NIPPO Rali,2026,team_program_live,2026-10-08T16:39:23.316532+00:00,212,Route d'Occitanie,2.1,18.06-20.06,6,2026-06-18,2026-06-20,completed,active,race/la-route-d-occitanie-2026-gc/startlist,,La Route d'Occitanie - CIC,token_overlap,matched_via=token_overlap,overlap_3
solution-tech-nippo-rali,Solution Tech NIPPO Rali,2026,team_program_live,2026-10-08T16:39:23.316532+00:00,18948,Andorra MoraBanc Clàssica,1.1,21.06,6,2026-06-21,2026-06-21,completed,active,race/andorra-morabanc-classica-2026-result/startlist,,Andorra MoraBanc Clàssica,normalized_name,matched_via=normalized_name,overlap_3
solution-tech-nippo-rali,Solution Tech NIPPO Rali,2026,team_program_live,2026-10-08T16:39:23.316532+00:00,662,Trofeo Citta di Brescia,1.2,30.06,6,2026-06-30,2026-06-30,completed,active,race/trofeo-citta-di-brescia-2026-result/startlist,,Trofeo Città di Brescia - Mem. Rino Fiori,normalized_name,matched_via=normalized_name,
solution-tech-nippo-rali,Solution Tech NIPPO Rali,2026,team_program_live,2026-10-08T16:39:23.316532+00:00,258,Sibiu Cycling Tour,2.1,04.07-07.07,7,2026-07-04,2026-07-07,completed,active,race/sibiu-cycling-tour-2026-gc/startlist,,Sibiu Cycling Tour,normalized_name,matched_via=normalized_name,overlap_3
solution-tech-nippo-rali,Solution Tech NIPPO Rali,2026,team_program_live,2026-10-08T16:39:23.316532+00:00,559,Giro del Medio Brenta,1.2,05.07,7,2026-07-05,2026-07-05,completed,active,race/giro-del-medio-brenta-2026-result/startlist,,Giro del Medio Brenta,normalized_name,matched_via=normalized_name,overlap_3
solution-tech-nippo-rali,Solution Tech NIPPO Rali,2026,team_program_live,2026-10-08T16:39:23.316532+00:00,127,Tour of Magnificent Qinghai,2.Pro,05.07-12.07,7,2026-07-05,2026-07-12,completed,active,race/tour-of-magnificent-qinghai-2026-gc/startlist,,Tour of Magnificent Qinghai,normalized_name,matched_via=normalized_name,overlap_3
solution-tech-nippo-rali,Solution Tech NIPPO Rali,2026,team_program_live,2026-10-08T16:39:23.316532+00:00,18951,Trans-Himalaya Cycling Race,2.1,02.08-06.08,8,2026-08-02,2026-08-06,completed,active,race/trans-himalaya-cycling-race-2026-gc/startlist,,China Xizang Trans-Himalaya,token_overlap,matched_via=token_overlap,overlap_2
solution-tech-nippo-rali,Solution Tech NIPPO Rali,2026,team_program_live,2026-10-08T16:39:23.316532+00:00,27610,Tour of Kahramanmaras,2.2,04.08-07.08,8,2026-08-04,2026-08-07,completed,active,race/grand-prix-kahramanmaras-2026-gc/startlist,,Tour of Kahramanmaraş,normalized_name,matched_via=normalized_name,overlap_2
solution-tech-nippo-rali,Solution Tech NIPPO Rali,2026,team_program_live,2026-10-08T16:39:23.316532+00:00,15209,Czech Tour,2.Pro,13.08-16.08,8,2026-08-13,2026-08-16,completed,active,race/czech-tour-2026-gc/startlist,,Czech Tour,normalized_name,matched_via=normalized_name,
solution-tech-nippo-rali,Solution Tech NIPPO Rali,2026,team_program_live,2026-10-08T16:39:23.316532+00:00,20781,Tour of Istanbul,2.1,03.09-06.09,9,2026-09-03,2026-09-06,completed,active,race/tour-of-istanbul-2026-gc/startlist,,Tour of Istanbul,normalized_name,matched_via=normalized_name,overlap_3
solution-tech-nippo-rali,Solution Tech NIPPO Rali,2026,team_program_live,2026-10-08T16:39:23.316532+00:00,24779,Tour of Shanghai,2.2,04.09-06.09,9,2026-09-04,2026-09-06,completed,active,race/tour-of-shanghai-2026-gc/startlist,,Tour of Shanghai,normalized_name,matched_via=normalized_name,overlap_3
solution-tech-nippo-rali,Solution Tech NIPPO Rali,2026,team_program_live,2026-10-08T16:39:23.316532+00:00,263,GP Industria & Artigianato,1.Pro,06.09,9,2026-09-06,2026-09-06,completed,active,race/gp-industria-artigianato-2026-result/startlist,,GP Industria & Artigianato,normalized_name,matched_via=normalized_name,overlap_3
solution-tech-nippo-rali,Solution Tech NIPPO Rali,2026,team_program_live,2026-10-08T16:39:23.316532+00:00,16539,Tour of Binzhou,2.1,08.09-09.09,9,2026-09-08,2026-09-09,completed,active,race/tour-of-binzhou-2026-result/startlist,,Tour of Binzhou,normalized_name,matched_via=normalized_name,overlap_2
solution-tech-nippo-rali,Solution Tech NIPPO Rali,2026,team_program_live,2026-10-08T16:39:23.316532+00:00,4025,Giro della Toscana,1.1,09.09,9,2026-09-09,2026-09-09,completed,active,race/giro-di-toscana-2026-result/startlist,,Giro della Toscana - Memorial Alfredo Martini,normalized_name,matched_via=normalized_name,overlap_2
solution-tech-nippo-rali,Solution Tech NIPPO Rali,2026,team_program_live,2026-10-08T16:39:23.316532+00:00,160,Coppa Sabatini,1.Pro,10.09,9,2026-09-10,2026-09-10,completed,active,race/gp-citta-di-peccioli-2026-result/startlist,,Gran Premio città di Peccioli - Coppa Sabatini,token_overlap,matched_via=token_overlap,overlap_6
solution-tech-nippo-rali,Solution Tech NIPPO Rali,2026,team_program_live,2026-10-08T16:39:23.316532+00:00,27611,Tour d'Arménie,2.2,10.09-13.09,9,2026-09-10,2026-09-13,completed,active,race/tour-darmenie-2026-gc/startlist,,Tour d'Arménie,normalized_name,matched_via=normalized_name,overlap_6
solution-tech-nippo-rali,Solution Tech NIPPO Rali,2026,team_program_live,2026-10-08T16:39:23.316532+00:00,68,Memorial Pantani,1.1,12.09,9,2026-09-12,2026-09-12,completed,active,race/memorial-marco-pantani-2026-result/startlist,,Memorial Marco Pantani,token_overlap,matched_via=token_overlap,overlap_6
solution-tech-nippo-rali,Solution Tech NIPPO Rali,2026,team_program_live,2026-10-08T16:39:23.316532+00:00,242,Tour of Taihu Lake,2.1,12.09-16.09,9,2026-09-12,2026-09-16,completed,active,race/tour-of-taihu-lake-2026-gc/startlist,,Tour of Taihu Lake,normalized_name,matched_via=normalized_name,overlap_6
solution-tech-nippo-rali,Solution Tech NIPPO Rali,2026,team_program_live,2026-10-08T16:39:23.316532+00:00,205,Trofeo Matteotti,1.1,13.09,9,2026-09-13,2026-09-13,completed,active,race/trofeo-matteotti-2026-result/startlist,,Trofeo Matteotti,normalized_name,matched_via=normalized_name,overlap_6
solution-tech-nippo-rali,Solution Tech NIPPO Rali,2026,team_program_live,2026-10-08T16:39:23.316532+00:00,752,Giro d'Abruzzo,2.1,15.09-18.09,9,2026-09-15,2026-09-18,completed,active,race/giro-d-abruzzo-2026-gc/startlist,,Il Giro d'Abruzzo,token_overlap,matched_via=token_overlap,overlap_6
solution-tech-nippo-rali,Solution Tech NIPPO Rali,2026,team_program_live,2026-10-08T16:39:23.316532+00:00,88,Giro del Lazio,1.1,19.09,9,2026-09-19,2026-09-19,completed,active,race/gran-premio-del-lazio-2026-result/startlist,,Gran Premio del Lazio,token_overlap,matched_via=token_overlap,
solution-tech-nippo-rali,Solution Tech NIPPO Rali,2026,team_program_live,2026-10-08T16:39:23.316532+00:00,163,Giro della Romagna,1.1,20.09,9,2026-09-20,2026-09-20,completed,active,race/giro-di-campania-2026-result/startlist,,Giro di Campania,token_overlap,matched_via=token_overlap,
solution-tech-nippo-rali,Solution Tech NIPPO Rali,2026,team_program_live,2026-10-08T16:39:23.316532+00:00,773,CRO Race,2.Pro,22.09-27.09,9,2026-09-22,2026-09-27,completed,active,race/tour-of-croatia-2026-gc/startlist,,CRO Race,normalized_name,matched_via=normalized_name,
solution-tech-nippo-rali,Solution Tech NIPPO Rali,2026,team_program_live,2026-10-08T16:39:23.316532+00:00,29,Giro dell'Emilia,1.Pro,03.10,10,2026-10-03,2026-10-03,completed,active,race/giro-dell-emilia-2026-result/startlist,,Giro dell'Emilia,normalized_name,matched_via=normalized_name,overlap_2
solution-tech-nippo-rali,Solution Tech NIPPO Rali,2026,team_program_live,2026-10-08T16:39:23.316532+00:00,158,Münsterland Giro,1.Pro,03.10,10,2026-10-03,2026-10-03,completed,active,race/munsterland-giro-2026-result/startlist,,Sparkassen Münsterland Giro,token_overlap,matched_via=token_overlap,overlap_2
solution-tech-nippo-rali,Solution Tech NIPPO Rali,2026,team_program_live,2026-10-08T16:39:23.316532+00:00,262,Coppa Agostoni,1.1,04.10,10,2026-10-04,2026-10-04,completed,active,race/coppa-agostoni-2026-result/startlist,,Coppa Agostoni - Giro delle Brianze,normalized_name,matched_via=normalized_name,
solution-tech-nippo-rali,Solution Tech NIPPO Rali,2026,team_program_live,2026-10-08T16:39:23.316532+00:00,196,Coppa Bernocchi,1.Pro,05.10,10,2026-10-05,2026-10-05,completed,active,race/coppa-bernocchi-2026-result/startlist,,Coppa Bernocchi - GP Banco BPM,normalized_name,matched_via=normalized_name,
solution-tech-nippo-rali,Solution Tech NIPPO Rali,2026,team_program_live,2026-10-08T16:39:23.316532+00:00,190,Tre Valli Varesine,1.Pro,06.10,10,2026-10-06,2026-10-06,completed,active,race/tre-valli-varesine-2026-result/startlist,,Tre Valli Varesine,normalized_name,matched_via=normalized_name,
solution-tech-nippo-rali,Solution Tech NIPPO Rali,2026,team_program_live,2026-10-08T16:39:23.316532+00:00,61,Gran Piemonte,1.Pro,08.10,10,2026-10-08,2026-10-08,scheduled,active,race/gran-piemonte-2026-result/startlist,,Gran Piemonte,normalized_name,matched_via=normalized_name,
solution-tech-nippo-rali,Solution Tech NIPPO Rali,2026,team_program_live,2026-10-08T16:39:23.316532+00:00,18945,Tour de Kyushu,2.1,10.10-12.10,10,2026-10-10,2026-10-12,scheduled,active,race/tour-de-kyushu-2026-gc/startlist,,Tour de Kyushu,normalized_name,matched_via=normalized_name,
solution-tech-nippo-rali,Solution Tech NIPPO Rali,2026,team_program_live,2026-10-08T16:39:23.316532+00:00,95,Japan Cup,1.Pro,18.10,10,2026-10-18,2026-10-18,scheduled,active,race/japan-cup-2026-result/startlist,,Utsunomiya Japan Cup Road Race,token_overlap,matched_via=token_overlap,
